scen,bus,tech,gid,year,level,marginal,latitude,longitude,area,baskv,bus_name,ord,isbb,isei,islf,ispoi,iso
1,100002,Solar,546,2051,1176.13763079,0.0,44.739995,-68.752796,101,345.0,ORRINGTON,6,0,0.0,0,0,ISONE
1,100002,Wind,897,2051,588.0,0.0,44.739995,-68.752796,101,345.0,ORRINGTON,6,0,0.0,0,0,ISONE
1,100005,Solar,547,2046,1862.699896418261,0.0,44.2970604276324,-69.5562167639067,101,345.0,COOPERS MILL,6,0,0.0,0,0,ISONE
1,100005,Solar,547,2051,2309.3928589817388,0.0,44.2970604276324,-69.5562167639067,101,345.0,COOPERS MILL,6,0,0.0,0,0,ISONE
1,100005,Wind,898,2051,354.0,0.0,44.2970604276324,-69.5562167639067,101,345.0,COOPERS MILL,6,0,0.0,0,0,ISONE
1,100007,Solar,548,2051,1937.9258859,0.0,43.78140143,-70.20362106,101,345.0,RAVEN FARM,6,0,0.0,0,0,ISONE
1,100086,Solar,549,2051,1587.5562806,0.0,43.953587301,-69.695438179,101,345.0,MAINE YANKEE,6,0,0.0,0,1,ISONE
1,100086,Wind,899,2051,108.0,0.0,43.953587301,-69.695438179,101,345.0,MAINE YANKEE,6,0,0.0,0,1,ISONE
1,100087,Solar,550,2051,4044.0004308,0.0,43.93189,-70.20332,101,345.0,SUROWIEC,6,0,0.0,0,0,ISONE
1,100088,Solar,551,2046,86.16989619,0.0,43.75118,-70.15541,101,345.0,YARMOUTH,6,0,0.0,0,1,ISONE
1,100090,Solar,552,2051,3235.2703398,0.0,43.66327,-70.55321,101,345.0,BUXTON,6,0,0.0,0,0,ISONE
1,100090,Wind,900,2051,186.0,0.0,43.66327,-70.55321,101,345.0,BUXTON,6,0,0.0,0,0,ISONE
1,100092,Solar,553,2051,4975.14271442,0.0,44.574181320833,-69.5091403468359,101,345.0,ALBION ROAD,6,0,0.0,0,0,ISONE
1,100092,Wind,901,2051,1716.0,0.0,44.574181320833,-69.5091403468359,101,345.0,ALBION ROAD,6,0,0.0,0,0,ISONE
1,100095,Solar,554,2051,3032.7141024,0.0,44.14111209,-70.1860430209999,101,345.0,LARRABEE RD,6,0,0.0,0,0,ISONE
1,100095,Wind,902,2051,36.0,0.0,44.14111209,-70.1860430209999,101,345.0,LARRABEE RD,6,0,0.0,0,0,ISONE
1,100098,Solar,555,2051,4351.6255859,0.0,43.39694,-70.617393,101,345.0,MAGUIRE ROAD,6,0,0.0,0,1,ISONE
1,100098,Wind,903,2051,60.0,0.0,43.39694,-70.617393,101,345.0,MAGUIRE ROAD,6,0,0.0,0,1,ISONE
1,100182,Solar,556,2046,361.76630149,0.0,44.531653251,-70.5229981549999,101,115.0,RUMFORD IP,6,0,0.0,0,0,ISONE
1,100182,Wind,904,2051,366.0,0.0,44.531653251,-70.5229981549999,101,115.0,RUMFORD IP,6,0,0.0,0,0,ISONE
1,100185,Solar,557,2051,1304.0508304,0.0,43.656815165,-70.3761190799999,101,115.0,WESTBROOK,6,0,0.0,0,0,ISONE
1,100210,Solar,558,2051,2228.699026783,0.0,44.574799485,-68.8061150859999,101,115.0,BUCKSPORT,6,0,0.0,0,0,ISONE
1,100210,Wind,905,2051,906.0,0.0,44.574799485,-68.8061150859999,101,115.0,BUCKSPORT,6,0,0.0,0,0,ISONE
1,100211,Solar,559,2046,537.472253108,0.0,44.5533939250001,-70.5420567309999,101,115.0,NEWPAGEPAPER,6,0,0.0,0,0,ISONE
1,100211,Wind,906,2051,5376.0,0.0,44.5533939250001,-70.5420567309999,101,115.0,NEWPAGEPAPER,6,0,0.0,0,0,ISONE
1,100575,Solar,560,2051,1250.864775,0.0,43.644216225,-70.4323739929999,101,345.0,LONEPINE_POI,6,0,0.0,0,0,ISONE
1,103002,Solar,561,2051,5176.213157935,0.0,45.394837963,-68.5295635439999,101,345.0,KEENE ROAD 2,6,0,0.0,0,0,ISONE
1,103002,Wind,907,2051,11976.0,0.0,45.394837963,-68.5295635439999,101,345.0,KEENE ROAD 2,6,0,0.0,0,0,ISONE
1,103028,Solar,562,2051,2580.4420908,0.0,44.82418441,-68.705469114,101,115.0,GRAHAM,6,0,0.0,0,0,ISONE
1,103028,Wind,908,2051,4578.0,0.0,44.82418441,-68.705469114,101,115.0,GRAHAM,6,0,0.0,0,0,ISONE
1,103710,Solar,563,2051,1595.4899062,0.0,43.167643457,-70.8177316849999,101,345.0,ELIOT,6,0,0.0,0,0,ISONE
1,103710,Wind,909,2041,58.18857213269677,0.0,43.167643457,-70.8177316849999,101,345.0,ELIOT,6,0,0.0,0,0,ISONE
1,103710,Wind,909,2046,43.81142786730323,0.0,43.167643457,-70.8177316849999,101,345.0,ELIOT,6,0,0.0,0,0,ISONE
1,104079,Solar,564,2051,350.7301582,0.0,43.098098,-70.792269,101,345.0,NEWINGTON,6,0,0.0,0,1,ISONE
1,104095,Solar,565,2051,716.3326125,0.0,43.141714233,-71.1848028079999,101,345.0,DEERFIELD,6,0,0.0,0,0,ISONE
1,104095,Wind,910,2051,162.0,0.0,43.141714233,-71.1848028079999,101,345.0,DEERFIELD,6,0,0.0,0,0,ISONE
1,104119,Solar,566,2051,772.3218375,0.0,42.949840692,-70.8688262959999,101,345.0,TIMBER SWAMP,6,0,0.0,0,0,ISONE
1,104127,Solar,567,2051,435.3148828,0.0,42.89917,-70.8489,101,345.0,SEABROOK,6,0,0.0,0,1,ISONE
1,104143,Solar,568,2051,1554.7296934,0.0,42.904856709,-71.3421055039999,101,345.0,SCOBIE POND,6,0,0.0,0,0,ISONE
1,104151,Solar,569,2051,739.8219164,0.0,42.791563914,-71.3768380679999,101,345.0,LAWRENCE RD,6,0,0.0,0,0,ISONE
1,104162,Solar,570,2046,685.7406844,0.0,42.830541134,-71.4834224719999,101,345.0,EAGLE,6,0,0.0,0,0,ISONE
1,104167,Wind,911,2051,276.0,0.0,42.37361625,-72.5069978439999,101,345.0,AMHERST,6,0,0.0,0,0,ISONE
1,104175,Solar,571,2041,656.7641605,0.0,42.8002294570001,-72.1483631259999,101,345.0,FITZWILLIAM,6,0,0.0,0,0,ISONE
1,104175,Wind,912,2046,630.0,0.0,42.8002294570001,-72.1483631259999,101,345.0,FITZWILLIAM,6,0,0.0,0,0,ISONE
1,104494,Solar,572,2046,17.090331533857615,0.0,43.140607974,-71.4700743449999,101,115.0,MERRIMACK-1,6,0,0.0,0,0,ISONE
1,104494,Solar,572,2051,2442.391784066142,0.0,43.140607974,-71.4700743449999,101,115.0,MERRIMACK-1,6,0,0.0,0,0,ISONE
1,104494,Wind,913,2051,510.0,0.0,43.140607974,-71.4700743449999,101,115.0,MERRIMACK-1,6,0,0.0,0,0,ISONE
1,106012,Solar,573,2051,747.3047344,0.0,42.8739,-71.43917,101,230.0,N.LITCHFLD1,6,0,0.0,0,0,ISONE
1,107010,Solar,574,2051,1195.966719836,0.0,43.429089741,-72.6604433549999,101,345.0,COOLIDGE,6,0,0.0,0,0,ISONE
1,107010,Wind,915,2051,1212.0,0.0,43.429089741,-72.6604433549999,101,345.0,COOLIDGE,6,0,0.0,0,0,ISONE
1,107020,Solar,575,2046,448.0578606396438,0.0,43.633701967,-73.0576893529999,101,345.0,WEST RUTLAND,6,0,0.0,0,0,ISONE
1,107020,Solar,575,2051,933.6922317633562,0.0,43.633701967,-73.0576893529999,101,345.0,WEST RUTLAND,6,0,0.0,0,0,ISONE
1,107020,Wind,916,2051,672.0,0.0,43.633701967,-73.0576893529999,101,345.0,WEST RUTLAND,6,0,0.0,0,0,ISONE
1,107030,Solar,576,2041,286.61108649968054,0.0,44.1192301367207,-73.1653339326911,101,345.0,NEW HAVEN,6,0,0.0,0,0,ISONE
1,107030,Solar,576,2046,1611.6945808369926,0.0,44.1192301367207,-73.1653339326911,101,345.0,NEW HAVEN,6,0,0.0,0,0,ISONE
1,107030,Solar,576,2051,1575.177702693327,0.0,44.1192301367207,-73.1653339326911,101,345.0,NEW HAVEN,6,0,0.0,0,0,ISONE
1,107030,Wind,917,2051,846.0,0.0,44.1192301367207,-73.1653339326911,101,345.0,NEW HAVEN,6,0,0.0,0,0,ISONE
1,107050,Solar,577,2051,1282.60199691,0.0,42.968149453,-72.6523113649999,101,345.0,NEWFANE,6,0,0.0,0,0,ISONE
1,107050,Wind,918,2051,522.0,0.0,42.968149453,-72.6523113649999,101,345.0,NEWFANE,6,0,0.0,0,0,ISONE
1,110757,Solar,578,2051,106.0004285,0.0,42.445119596,-71.266347336,101,345.0,LEXINGTON,6,0,0.0,0,0,ISONE
1,110785,Solar,579,2051,1832.4084515,0.0,42.059752,-71.515333,101,345.0,ANP BLACKSTN,6,0,0.0,0,0,ISONE
1,110901,Solar,580,2046,78.7109748,0.0,42.2,-71.0,101,115.0,EDGAR,6,0,0.0,0,0,ISONE
1,111193,Solar,581,2046,20.33712246,0.0,41.7694,-70.5097,101,345.0,CANAL,6,0,0.0,0,1,ISONE
1,111204,Solar,582,2046,82.14768457,0.0,41.5636900110001,-70.611486433,101,115.0,FALMOUTH 115,6,0,0.0,0,1,ISONE
1,113001,Wind,919,2051,54.0,0.0,42.684077683,-72.9498932499999,101,230.0,BEAR SWAMP,6,0,0.0,0,0,ISONE
1,113263,Wind,920,2051,54.0,0.0,42.12861756,-71.9971334249999,101,345.0,CARPENTER HL,6,0,0.0,0,0,ISONE
1,114476,Solar,585,2051,83.03154961,0.0,42.505261779,-71.0416548699999,101,345.0,WAKEFLD JCT,6,0,0.0,0,0,ISONE
1,114733,Solar,586,2051,1513.8720597,0.0,42.109092,-71.451485,101,345.0,BELLINGHM 03,6,0,0.0,0,0,ISONE
1,114734,Solar,587,2046,214.416291795,0.0,41.7125,-71.193889,101,345.0,BRAYTN POINT,6,0,0.0,0,1,ISONE
1,116009,Wind,921,2051,150.0,0.0,42.611172898,-72.4684024839999,101,345.0,NORTHFLD MT,6,0,0.0,0,0,ISONE
1,116023,Wind,922,2036,72.0,0.0,42.46867946,-73.0936077679999,101,345.0,BERKSHIRE,6,0,0.0,0,0,ISONE
1,116081,Solar,589,2046,44.45308872,0.0,42.09071,-72.63486,101,345.0,AGAWAM,6,0,0.0,0,0,ISONE
1,119077,Solar,590,2051,145.836007,0.0,41.770211673,-72.5575565909999,101,345.0,MANCHESTER,6,0,0.0,0,0,ISONE
1,119180,Wind,923,2046,102.0,0.0,41.4288787858345,-72.1039268580484,101,345.0,MONTVILE_364,6,0,0.0,0,1,ISONE
1,125001,Solar,593,2041,373.8398695,0.0,41.467688,-74.196913,7,345.0,ROCK TAV,6,0,0.0,0,0,NYISO
1,125001,Wind,924,2036,48.0,0.0,41.467688,-74.196913,7,345.0,ROCK TAV,6,0,0.0,0,0,NYISO
1,125080,Solar,594,2051,304.2599203,0.0,41.5722426299099,-73.974910324361,7,115.0,DANSK-N,6,0,0.0,0,0,NYISO
1,126181,Solar,595,2041,483.6496711,0.0,41.93669,-74.04765,7,345.0,SV2,6,0,0.0,0,0,NYISO
1,126261,Solar,596,2041,62.32118643,0.0,41.2044,-73.9689,7,345.0,BOWLINE2,6,0,0.0,0,0,NYISO
1,126263,Solar,597,2036,58.55472202,0.0,41.264514392,-73.9472386389999,8,345.0,BUCHANAN S,6,0,0.0,0,0,NYISO
1,126267,Solar,598,2041,65.01340811,0.0,41.050383967,-73.8089605939999,9,345.0,E VIEW 2N,6,0,0.0,0,0,NYISO
1,126281,Solar,599,2051,521.196525,0.0,41.5680817828293,-73.8345506097638,8,345.0,E FISHKILL,6,0,0.0,0,0,NYISO
1,126290,Solar,600,2041,22.29062651,0.0,41.183826577,-74.0759483159999,7,345.0,LADENTWN,6,0,0.0,0,0,NYISO
1,126291,Solar,601,2041,176.6923242,0.0,41.191834,-73.801063,8,345.0,MILLWOOD,6,0,0.0,0,1,NYISO
1,126298,Solar,602,2036,40.03891304,0.0,40.9576123323872,-73.8561983105464,9,345.0,SPRAINBROOK,6,0,0.0,0,1,NYISO
1,126301,Solar,603,2036,38.79964863,0.0,40.8425301897245,-73.8640528986255,10,345.0,TREMONT,6,0,0.0,0,0,NYISO
1,126306,Solar,604,2041,147.9879492,0.0,41.353837594,-73.793958699,8,345.0,WOOD B,6,0,0.0,0,0,NYISO
1,126319,Solar,605,2051,11.19801467,0.0,41.353837594,-73.793958699,8,345.0,WOOD C,6,0,0.0,0,0,NYISO
1,126879,Solar,607,2051,308.332227,0.0,41.311565206,-74.2599492949999,7,345.0,SUGARLOAF,6,0,0.0,0,0,NYISO
1,128822,Solar,609,2041,52.71695947,0.0,40.7303624544794,-73.6110334209851,11,345.0,E.G.C.-1,6,0,0.0,0,1,NYISO
1,128835,Solar,610,2041,495.9535711,0.0,40.828456,-73.646658,11,345.0,SHORE RD,6,0,0.0,0,1,NYISO
1,129202,Solar,612,2036,13.755168457,0.0,40.618464,-73.648005,11,138.0,BARRETT1,6,0,0.0,0,1,NYISO
1,129448,Solar,613,2036,20.872224381,0.0,40.9496174230001,-73.078177248,11,138.0,PT JEFF1,6,0,0.0,0,0,NYISO
1,129460,Solar,614,2041,633.0628406,0.0,40.8194537100001,-72.938749026,11,138.0,SILLS RD,6,0,0.0,0,0,NYISO
1,130750,Wind,930,2046,606.0,0.0,41.669151395,-74.7609188129999,5,345.0,COOPC345,6,0,0.0,0,0,NYISO
1,130751,Wind,931,2041,396.0,0.0,42.439601098,-77.530082374,3,230.0,CNDGUA_T,6,0,0.0,0,0,NYISO
1,130753,Solar,615,2041,30.87504152,0.0,42.257379574556,-74.9948741706005,5,345.0,FRASR345,6,0,0.0,0,0,NYISO
1,130753,Wind,932,2051,516.0,0.0,42.257379574556,-74.9948741706005,5,345.0,FRASR345,6,0,0.0,0,0,NYISO
1,130757,Solar,617,2036,96.66373887,0.0,42.10837993,-76.771313138,3,345.0,WATRC345,6,0,0.0,0,0,NYISO
1,130757,Wind,934,2046,120.0,0.0,42.10837993,-76.771313138,3,345.0,WATRC345,6,0,0.0,0,0,NYISO
1,130770,Solar,618,2036,684.7329938,0.0,42.7643470450001,-78.4202463139999,3,230.0,SHLDN230,6,0,0.0,0,0,NYISO
1,130770,Wind,935,2036,132.0,0.0,42.7643470450001,-78.4202463139999,3,230.0,SHLDN230,6,0,0.0,0,0,NYISO
1,131122,CC,63,2051,31.339899927513258,0.0,42.72638578,-78.19162575,3,230.0,WTHRS230,6,0,0.0,0,0,NYISO
1,131122,Wind,936,2036,876.0,0.0,42.72638578,-78.19162575,3,230.0,WTHRS230,6,0,0.0,0,0,NYISO
1,131157,Solar,620,2041,91.108512603,0.0,42.604523,-76.149846,3,345.0,CLARKCRNS,6,0,0.0,0,0,NYISO
1,131157,Wind,937,2036,42.0,0.0,42.604523,-76.149846,3,345.0,CLARKCRNS,6,0,0.0,0,0,NYISO
1,131241,Solar,621,2036,55.103331897,0.0,42.6795880139156,-76.9479869982507,3,115.0,GRNDG115,6,0,0.0,0,0,NYISO
1,131241,Wind,938,2041,60.0,0.0,42.6795880139156,-76.9479869982507,3,115.0,GRNDG115,6,0,0.0,0,0,NYISO
1,131342,Solar,622,2036,186.350973,0.0,42.3071090906048,-77.6567868464809,3,115.0,BENET115,6,0,0.0,0,0,NYISO
1,131342,Wind,939,2041,522.0,0.0,42.3071090906048,-77.6567868464809,3,115.0,BENET115,6,0,0.0,0,0,NYISO
1,135001,Solar,623,2036,1379.4264218792357,0.0,42.9326224110001,-78.571085,1,345.0,Q545A_ESTSTO,6,0,0.0,0,0,NYISO
1,135001,Solar,623,2041,33.531883120764405,0.0,42.9326224110001,-78.571085,1,345.0,Q545A_ESTSTO,6,0,0.0,0,0,NYISO
1,135001,Wind,940,2036,48.0,0.0,42.9326224110001,-78.571085,1,345.0,Q545A_ESTSTO,6,0,0.0,0,0,NYISO
1,135398,CC,65,2051,48.48642226533411,0.0,42.19468221,-78.46432329,1,345.0,5MILE345,6,0,0.0,0,0,NYISO
1,135398,Solar,624,2046,119.4307189,0.0,42.19468221,-78.46432329,1,345.0,5MILE345,6,0,0.0,0,0,NYISO
1,135398,Wind,941,2041,528.0,0.0,42.19468221,-78.46432329,1,345.0,5MILE345,6,0,0.0,0,0,NYISO
1,136150,Solar,625,2046,1482.330881,0.0,43.198179118,-76.1712549749999,3,345.0,CLAY,6,0,0.0,0,0,NYISO
1,136150,Wind,942,2051,192.0,0.0,43.198179118,-76.1712549749999,3,345.0,CLAY,6,0,0.0,0,0,NYISO
1,136151,Wind,943,2036,114.0,0.0,43.047919263,-76.0436812839999,3,345.0,DEWITT 3,6,0,0.0,0,0,NYISO
1,136152,Solar,626,2041,390.8641078,0.0,42.97252613,-76.1181312899999,3,345.0,ELBRIDGE,6,0,0.0,0,0,NYISO
1,136153,Solar,627,2041,322.9514297,0.0,43.040383159,-76.3880498959999,3,345.0,LAFAYTTE,6,0,0.0,0,0,NYISO
1,136154,Solar,628,2036,368.0703281,0.0,43.4556723932378,-76.531453275925,3,345.0,OSWEGO,6,0,0.0,0,0,NYISO
1,136156,Wind,944,2051,174.0,0.0,43.4000607452227,-76.3479035399211,3,345.0,VOLNEY,6,0,0.0,0,0,NYISO
1,136158,Wind,945,2046,36.0,0.0,43.495,-76.4508,3,345.0,INDEPNDC,6,0,0.0,0,0,NYISO
1,137200,Wind,946,2041,126.0,0.0,43.157565662,-75.2271199389999,5,345.0,EDIC,6,0,0.0,0,0,NYISO
1,137450,Solar,630,2041,503.3520352,0.0,42.641326543,-73.619424983,6,345.0,ALPS345,6,0,0.0,0,0,NYISO
1,137450,Wind,947,2051,270.0,0.0,42.641326543,-73.619424983,6,345.0,ALPS345,6,0,0.0,0,0,NYISO
1,137452,Solar,631,2041,724.5311414,0.0,42.609185554,-73.9041995889999,6,345.0,N.SCOT77,6,0,0.0,0,0,NYISO
1,137454,Wind,948,2046,42.0,0.0,42.672733732,-73.687641442,6,345.0,REYNLD3,6,0,0.0,0,0,NYISO
1,137510,Solar,632,2041,207.2220627,0.0,42.625056371,-73.74826117,6,115.0,JMC2+9TP,6,0,0.0,0,0,NYISO
1,137717,Solar,633,2041,853.5626227,0.0,42.59628,-73.76418,6,115.0,ALB2,6,0,0.0,0,0,NYISO
1,137928,Solar,634,2051,909.0541406,0.0,43.76530764,-75.34926308,5,230.0,CHASES L,6,0,0.0,0,0,NYISO
1,137928,Wind,950,2041,4524.0,0.0,43.76530764,-75.34926308,5,230.0,CHASES L,6,0,0.0,0,0,NYISO
1,146593,Wind,951,2041,198.0,0.0,42.262,-78.2015,1,345.0,Q596_POI,6,0,0.0,0,0,NYISO
1,147827,Solar,637,2041,1258.685670733344,0.0,43.178714431,-75.2225257359999,5,765.0,MARCY765,6,0,0.0,0,0,NYISO
1,147827,Solar,637,2046,157.20901026665592,0.0,43.178714431,-75.2225257359999,5,765.0,MARCY765,6,0,0.0,0,0,NYISO
1,147827,Wind,952,2046,1086.0,0.0,43.178714431,-75.2225257359999,5,765.0,MARCY765,6,0,0.0,0,0,NYISO
1,147828,Solar,638,2041,1484.185908,0.0,44.919226571,-74.8337955979999,4,765.0,MASS 765,6,0,0.0,0,0,NYISO
1,147828,Wind,953,2041,2184.0,0.0,44.919226571,-74.8337955979999,4,765.0,MASS 765,6,0,0.0,0,0,NYISO
1,147831,Solar,639,2036,248.1592324,0.0,42.4400450493376,-74.4478271058723,6,345.0,GILB 345,6,0,0.0,0,0,NYISO
1,147831,Wind,954,2036,42.0,0.0,42.4400450493376,-74.4478271058723,6,345.0,GILB 345,6,0,0.0,0,0,NYISO
1,147834,Wind,955,2036,168.0,0.0,43.1045221693489,-79.025126593413,1,345.0,NIAG 345,6,0,0.0,0,0,NYISO
1,147970,Solar,641,2046,1039.520354579695,0.0,44.8907667350001,-73.9855907799999,4,230.0,RYAN,6,0,0.0,0,0,NYISO
1,147970,Solar,641,2051,2459.6708144133045,0.0,44.8907667350001,-73.9855907799999,4,230.0,RYAN,6,0,0.0,0,0,NYISO
1,147970,Wind,956,2041,1800.0,0.0,44.8907667350001,-73.9855907799999,4,230.0,RYAN,6,0,0.0,0,0,NYISO
1,147980,Wind,957,2051,342.0,0.0,44.83147344,-73.63657408,4,230.0,PATNODE,6,0,0.0,0,0,NYISO
1,148964,Solar,642,2041,316.004142301823,0.0,42.828871062,-73.9972771209999,6,345.0,ROTTERDAM,6,0,0.0,0,0,NYISO
1,148964,Solar,642,2051,22.950577598177006,0.0,42.828871062,-73.9972771209999,6,345.0,ROTTERDAM,6,0,0.0,0,0,NYISO
1,148964,Wind,958,2051,480.0,0.0,42.828871062,-73.9972771209999,6,345.0,ROTTERDAM,6,0,0.0,0,0,NYISO
1,149001,Solar,643,2051,265.3231729,0.0,43.055457279,-77.3842033159999,2,345.0,PANNELL3,6,0,0.0,0,0,NYISO
1,149024,Solar,644,2036,614.853218,0.0,43.2779279065279,-77.3073040633849,2,115.0,GINNA115,6,0,0.0,0,0,NYISO
1,149914,Solar,645,2046,495.9126914,0.0,43.073905,-78.064412,2,345.0,Q721-POI,6,0,0.0,0,0,NYISO
1,200004,Solar,646,2041,151.227949447,0.0,39.6885760306421,-76.5391953703842,232,500.0,CNASTONE,6,0,0.0,0,0,PJM
1,200005,Solar,647,2041,304.953120954,0.0,40.38981,-79.0591,226,500.0,CONEM-GH,6,0,0.0,0,0,PJM
1,200005,Wind,960,2036,114.0,0.0,40.38981,-79.0591,226,500.0,CONEM-GH,6,0,0.0,0,0,PJM
1,200007,Solar,648,2041,858.3284601,0.0,40.27834,-75.3263,230,500.0,ELROY,6,0,0.0,0,0,PJM
1,200008,Solar,649,2041,900.8977887000001,0.0,40.45716,-75.5083,229,500.0,HOSE,6,0,0.0,0,0,PJM
1,200009,Solar,650,2041,233.19447538,0.0,40.42914,-77.1709,229,500.0,JUNIATA,6,0,0.0,0,0,PJM
1,200009,Wind,961,2046,204.0,0.0,40.42914,-77.1709,229,500.0,JUNIATA,6,0,0.0,0,0,PJM
1,200016,Solar,652,2041,401.73581074,0.0,40.15008,-76.71297,227,500.0,3 MILE I,6,0,0.0,0,0,PJM
1,200016,Wind,962,2046,138.0,0.0,40.15008,-76.71297,227,500.0,3 MILE I,6,0,0.0,0,0,PJM
1,200023,Solar,654,2041,410.5477525,0.0,40.5748,-75.5621,229,500.0,WESC,6,0,0.0,0,0,PJM
1,200023,Wind,963,2051,102.0,0.0,40.5748,-75.5621,229,500.0,WESC,6,0,0.0,0,0,PJM
1,200024,Solar,655,2041,526.0567781,0.0,40.22069,-75.5827,230,500.0,LIMERICK,6,0,0.0,0,0,PJM
1,200026,Solar,656,2046,229.113515,0.0,39.8689783699083,-77.1663020757618,227,500.0,HUNTERTN,6,0,0.0,0,0,PJM
1,200043,Solar,657,2041,393.9716285,0.0,40.61975,-75.3087,229,500.0,STEELCTY,6,0,0.0,0,0,PJM
1,200043,Wind,964,2051,36.0,0.0,40.61975,-75.3087,229,500.0,STEELCTY,6,0,0.0,0,0,PJM
1,200063,Solar,658,2041,305.6489438,0.0,39.5841,-75.2471,234,500.0,ORCHARD,6,0,0.0,0,0,PJM
1,200074,Solar,659,2036,241.07588614,0.0,41.49712,-75.6092,229,500.0,LACK,6,0,0.0,0,0,PJM
1,200074,Wind,965,2036,138.0,0.0,41.49712,-75.6092,229,500.0,LACK,6,0,0.0,0,0,PJM
1,200080,Solar,660,2036,219.5654344,0.0,39.86876,-77.16769,229,500.0,HUST,6,0,0.0,0,0,PJM
1,200080,Wind,966,2051,162.0,0.0,39.86876,-77.16769,229,500.0,HUST,6,0,0.0,0,0,PJM
1,200099,Solar,661,2041,567.9711615599999,0.0,40.2169,-76.0155,229,500.0,LAUS,6,0,0.0,0,0,PJM
1,200102,Solar,662,2041,1363.9962727,0.0,40.4145,-78.8594,226,500.0,AA1-076 MAIN,6,0,0.0,0,0,PJM
1,200102,Wind,967,2041,1200.0,0.0,40.4145,-78.8594,226,500.0,AA1-076 MAIN,6,0,0.0,0,0,PJM
1,200593,Solar,663,2046,57.196803547,0.0,41.8347,-79.0167,226,230.0,26GLADE,6,0,0.0,0,0,PJM
1,200593,Wind,968,2046,727.7072878750045,0.0,41.8347,-79.0167,226,230.0,26GLADE,6,0,0.0,0,0,PJM
1,200593,Wind,968,2051,4390.292712124996,0.0,41.8347,-79.0167,226,230.0,26GLADE,6,0,0.0,0,0,PJM
1,200595,Solar,664,2046,222.892715,0.0,41.514,-80.0073,226,345.0,26WAYNE,6,0,0.0,0,0,PJM
1,200595,Wind,969,2036,54.0,0.0,41.514,-80.0073,226,345.0,26WAYNE,6,0,0.0,0,0,PJM
1,200599,Solar,665,2036,3131.2461091,0.0,41.937,-80.3619,226,345.0,26ERIE W,6,0,0.0,0,0,PJM
1,200600,Solar,666,2046,1966.95483438,0.0,42.0686,-80.0477,226,345.0,26ERIE SO,6,0,0.0,0,0,PJM
1,200600,Wind,970,2036,450.0,0.0,42.0686,-80.0477,226,345.0,26ERIE SO,6,0,0.0,0,0,PJM
1,200698,Solar,667,2036,177.7070782392341,0.0,41.5749,-76.0421,226,115.0,26MEHOOPNY,6,0,0.0,0,0,PJM
1,200698,Solar,667,2046,940.784676390766,0.0,41.5749,-76.0421,226,115.0,26MEHOOPNY,6,0,0.0,0,0,PJM
1,200698,Wind,971,2041,1032.0,0.0,41.5749,-76.0421,226,115.0,26MEHOOPNY,6,0,0.0,0,0,PJM
1,200726,Solar,668,2041,628.8743741024724,0.0,41.0674,-78.3664,226,230.0,26SHAWVL 2,6,0,0.0,0,0,PJM
1,200726,Solar,668,2046,886.7156516451431,0.0,41.0674,-78.3664,226,230.0,26SHAWVL 2,6,0,0.0,0,0,PJM
1,200726,Solar,668,2051,795.3998382523847,0.0,41.0674,-78.3664,226,230.0,26SHAWVL 2,6,0,0.0,0,0,PJM
1,200726,Wind,972,2046,4067.1018204573647,0.0,41.0674,-78.3664,226,230.0,26SHAWVL 2,6,0,0.0,0,0,PJM
1,200726,Wind,972,2051,1740.8981795426353,0.0,41.0674,-78.3664,226,230.0,26SHAWVL 2,6,0,0.0,0,0,PJM
1,200769,Solar,669,2046,765.2301135,0.0,40.5175,-79.194,226,345.0,26HOMER CY,6,0,0.0,0,0,PJM
1,200793,Solar,670,2046,79.18387559,0.0,40.40664,-79.0311,226,230.0,26SEWARD 2,6,0,0.0,0,0,PJM
1,200826,Solar,671,2046,778.639442,0.0,41.393,-79.8976,226,345.0,26HANDSMLK,6,0,0.0,0,0,PJM
1,200826,Wind,975,2046,708.0,0.0,41.393,-79.8976,226,345.0,26HANDSMLK,6,0,0.0,0,0,PJM
1,200885,Solar,672,2041,297.1674335736335,0.0,41.8018,-76.9289,226,115.0,26EVERT DR,6,0,0.0,0,0,PJM
1,200885,Solar,672,2046,1034.591506499014,0.0,41.8018,-76.9289,226,115.0,26EVERT DR,6,0,0.0,0,0,PJM
1,200885,Solar,672,2051,629.0810868273525,0.0,41.8018,-76.9289,226,115.0,26EVERT DR,6,0,0.0,0,0,PJM
1,200885,Wind,976,2041,1002.0,0.0,41.8018,-76.9289,226,115.0,26EVERT DR,6,0,0.0,0,0,PJM
1,200930,Solar,673,2041,195.820727781,0.0,41.7977,-77.0061,226,345.0,26MAINESBURG,6,0,0.0,0,0,PJM
1,200930,Wind,977,2041,2814.0,0.0,41.7977,-77.0061,226,345.0,26MAINESBURG,6,0,0.0,0,0,PJM
1,200942,Solar,674,2041,124.40073142,0.0,41.8759,-78.4325,226,345.0,26PIERCEBRK,6,0,0.0,0,0,PJM
1,200942,Wind,978,2041,4140.171614024834,0.0,41.8759,-78.4325,226,345.0,26PIERCEBRK,6,0,0.0,0,0,PJM
1,200942,Wind,978,2046,425.8283859751664,0.0,41.8759,-78.4325,226,345.0,26PIERCEBRK,6,0,0.0,0,0,PJM
1,204508,Solar,675,2041,728.81282197,0.0,40.4218,-75.9285,227,230.0,27N.TEMPLE,6,0,0.0,0,0,PJM
1,204508,Wind,979,2051,348.0,0.0,40.4218,-75.9285,227,230.0,27N.TEMPLE,6,0,0.0,0,0,PJM
1,204518,Solar,676,2041,339.4100285,0.0,40.3511,-76.3668,227,230.0,27IRONWOOD,6,0,0.0,0,0,PJM
1,204518,Wind,980,2051,828.0,0.0,40.3511,-76.3668,227,230.0,27IRONWOOD,6,0,0.0,0,0,PJM
1,204693,Solar,677,2041,538.3394157,0.0,40.2829,-75.8575,227,230.0,27BOONETOWN,6,0,0.0,0,0,PJM
1,206242,Wind,981,2051,156.0,0.0,40.9995,-75.0333,228,230.0,28KITATINY,6,0,0.0,0,0,PJM
1,206257,Solar,685,2041,14.32281709,0.0,40.8195,-74.3783,228,230.0,28WHIPPANY,6,0,0.0,0,0,PJM
1,206260,Wind,983,2041,60.0,0.0,41.0558,-74.7404,228,230.0,28NEWTON,6,0,0.0,0,0,PJM
1,207922,Solar,699,2041,292.3502309,0.0,40.0957,-76.6961,229,230.0,BRIS,6,0,0.0,0,0,PJM
1,208009,Solar,700,2036,1011.4615547,0.0,41.4827,-75.5643,229,230.0,LACK,6,0,0.0,0,0,PJM
1,208009,Wind,987,2041,918.0,0.0,41.4827,-75.5643,229,230.0,LACK,6,0,0.0,0,0,PJM
1,208025,Solar,701,2041,801.340752,0.0,40.798,-75.1102,229,230.0,MACR,6,0,0.0,0,0,PJM
1,208025,Wind,988,2051,210.0,0.0,40.798,-75.1102,229,230.0,MACR,6,0,0.0,0,0,PJM
1,208101,Solar,702,2036,281.9698594,0.0,40.6197,-75.3086,229,230.0,STCI,6,0,0.0,0,0,PJM
1,208113,Solar,703,2041,787.3174608,0.0,41.0887,-76.1498,229,230.0,SUSQ,6,0,0.0,0,0,PJM
1,208113,Wind,989,2051,840.0,0.0,41.0887,-76.1498,229,230.0,SUSQ,6,0,0.0,0,0,PJM
1,212392,Solar,704,2041,715.2317451744443,0.0,40.8289,-76.2421,229,69.0,LOR2 TP,6,0,0.0,0,0,PJM
1,212392,Solar,704,2046,99.29881423691143,0.0,40.8289,-76.2421,229,69.0,LOR2 TP,6,0,0.0,0,0,PJM
1,212392,Solar,704,2051,843.3573807886443,0.0,40.8289,-76.2421,229,69.0,LOR2 TP,6,0,0.0,0,0,PJM
1,212392,Wind,990,2046,1446.0,0.0,40.8289,-76.2421,229,69.0,LOR2 TP,6,0,0.0,0,0,PJM
1,212397,Solar,705,2041,529.4330029299999,0.0,41.1924,-76.8256,229,230.0,SAEG,6,0,0.0,0,0,PJM
1,212397,Wind,991,2046,2124.0,0.0,41.1924,-76.8256,229,230.0,SAEG,6,0,0.0,0,0,PJM
1,213588,Solar,706,2041,166.957057476,0.0,39.8601,-75.3273,230,230.0,EDDYSTN4,6,0,0.0,0,0,PJM
1,213601,Solar,707,2041,749.42781644,0.0,40.1447,-74.8456,230,230.0,EMILIE7,6,0,0.0,0,0,PJM
1,213750,Solar,708,2041,40.14057437,0.0,39.8182,-75.4333,230,230.0,LINWOOD43,6,0,0.0,0,0,PJM
1,213866,Solar,709,2041,224.099730698,0.0,39.753,-76.2671,230,230.0,PCHBTM,6,0,0.0,0,0,PJM
1,214071,Solar,710,2041,129.134015214,0.0,39.9418,-75.1895,230,230.0,GRAYSFRY94,6,0,0.0,0,0,PJM
1,214293,Solar,711,2041,288.1906594,0.0,40.2208,-75.5828,230,230.0,LIMERICK7,6,0,0.0,0,0,PJM
1,220985,Solar,729,2041,40.707936993,0.0,39.4413,-76.21669,232,230.0,PERRY361,6,0,0.0,0,0,PJM
1,227900,Wind,1015,2051,96.0,0.0,39.4283378,-74.6205243,234,230.0,CARDIFF,6,0,0.0,0,1,PJM
1,232129,Solar,736,2036,239.140807,0.0,38.1629,-75.6877,235,138.0,KINGS CK,6,0,0.0,0,0,PJM
1,232129,Wind,1021,2036,42.0,0.0,38.1629,-75.6877,235,138.0,KINGS CK,6,0,0.0,0,0,PJM
1,235101,Solar,737,2036,1355.9705887,0.0,39.51557,-77.9176,201,500.0,01BEDNGT,6,0,0.0,0,0,PJM
1,235101,Wind,1022,2046,228.0,0.0,39.51557,-77.9176,201,500.0,01BEDNGT,6,0,0.0,0,0,PJM
1,235103,Solar,738,2041,170.4576973,0.0,39.4998,-78.9161,201,500.0,01BLACKO,6,0,0.0,0,0,PJM
1,235103,Wind,1023,2041,228.0,0.0,39.4998,-78.9161,201,500.0,01BLACKO,6,0,0.0,0,0,PJM
1,235104,Solar,739,2041,436.7808088,0.0,40.80178,-79.7961,201,500.0,01CABOT,6,0,0.0,0,0,PJM
1,235107,Solar,740,2046,26.49484836,0.0,39.5564822020462,-80.3285131984548,201,500.0,01HARRSN,6,0,0.0,0,0,PJM
1,235107,Wind,1024,2051,42.0,0.0,39.5564822020462,-80.3285131984548,201,500.0,01HARRSN,6,0,0.0,0,0,PJM
1,235110,Wind,1025,2051,54.0,0.0,39.05797,-78.25428,201,500.0,01MDWBRK,6,0,0.0,0,0,PJM
1,235111,Solar,742,2041,150.02209141,0.0,39.74054,-80.03274,201,500.0,01 502 J,6,0,0.0,0,0,PJM
1,235111,Wind,1026,2041,150.0,0.0,39.74054,-80.03274,201,500.0,01 502 J,6,0,0.0,0,0,PJM
1,235112,Solar,743,2046,81.24538195000001,0.0,39.35101,-80.06472,201,500.0,01PRNTY,6,0,0.0,0,0,PJM
1,235112,Wind,1027,2051,24.0,0.0,39.35101,-80.06472,201,500.0,01PRNTY,6,0,0.0,0,0,PJM
1,235119,Solar,744,2046,535.98185285,0.0,39.3665923450001,-81.299867849,201,138.0,01OGROVE,6,0,0.0,0,0,PJM
1,235119,Wind,1028,2051,36.0,0.0,39.3665923450001,-81.299867849,201,138.0,01OGROVE,6,0,0.0,0,0,PJM
1,235129,Solar,745,2046,363.612687453,0.0,40.9281,-79.4659,201,345.0,01ARMSTRONG,6,0,0.0,0,0,PJM
1,235129,Wind,1029,2046,294.0,0.0,40.9281,-79.4659,201,345.0,01ARMSTRONG,6,0,0.0,0,0,PJM
1,235235,Solar,746,2041,20.362753589,0.0,39.36425,-80.67843,201,500.0,01FLINTRUN,6,0,0.0,0,0,PJM
1,235235,Wind,1030,2051,432.0,0.0,39.36425,-80.67843,201,500.0,01FLINTRUN,6,0,0.0,0,0,PJM
1,235256,Solar,747,2041,119.6049639,0.0,40.5434,-79.7676,201,138.0,01SPGDL,6,0,0.0,0,0,PJM
1,235334,Solar,748,2046,223.239183407,0.0,39.3054,-80.3389,201,138.0,01GLENFL,6,0,0.0,0,0,PJM
1,235334,Wind,1032,2046,234.0,0.0,39.3054,-80.3389,201,138.0,01GLENFL,6,0,0.0,0,0,PJM
1,235340,Solar,749,2046,143.633385352,0.0,38.1532,-80.6658,201,138.0,01GRASSY,6,0,0.0,0,0,PJM
1,235340,Wind,1033,2046,1734.0,0.0,38.1532,-80.6658,201,138.0,01GRASSY,6,0,0.0,0,0,PJM
1,235427,Solar,750,2041,649.67993524,0.0,39.1722,-79.4907,201,138.0,01WILLIM,6,0,0.0,0,0,PJM
1,235427,Wind,1034,2036,1098.0,0.0,39.1722,-79.4907,201,138.0,01WILLIM,6,0,0.0,0,0,PJM
1,235468,Wind,1035,2036,324.0,0.0,39.6391,-78.931,201,138.0,01FROSTB,6,0,0.0,0,0,PJM
1,235504,Solar,752,2041,621.85305765,0.0,39.6302,-78.7835,201,138.0,01RIDGLY,6,0,0.0,0,0,PJM
1,235504,Wind,1036,2046,366.0,0.0,39.6302,-78.7835,201,138.0,01RIDGLY,6,0,0.0,0,0,PJM
1,235703,Solar,753,2041,461.7193166,0.0,40.45343,-80.57236534,201,500.0,01WYLIE R,6,0,0.0,0,0,PJM
1,237073,Solar,754,2041,11.08944086,0.0,39.6913,-80.3506,201,500.0,AB1-069 POI,6,0,0.0,0,0,PJM
1,237073,Wind,1037,2046,48.0,0.0,39.6913,-80.3506,201,500.0,AB1-069 POI,6,0,0.0,0,0,PJM
1,237081,Solar,755,2041,769.8562892799999,0.0,40.34045,-80.52596,201,345.0,AA2-121 TAP,6,0,0.0,0,0,PJM
1,238684,Solar,756,2036,87.49411172,0.0,41.6546937299748,-81.4430875558061,202,345.0,02EASTLK,6,0,0.0,0,0,PJM
1,238731,Solar,757,2036,27.56073647,0.0,41.4239,-81.756,202,345.0,02FOX,6,0,0.0,0,0,PJM
1,238745,Wind,1039,2041,1152.0,0.0,40.6937,-82.7996,202,345.0,02GALION,6,0,0.0,0,0,PJM
1,238812,Solar,758,2036,762.2358345,0.0,40.8511,-80.3363,202,345.0,02HOYTDL,6,0,0.0,0,0,PJM
1,238821,Solar,759,2036,13.11609606,0.0,41.4784,-81.6264,202,345.0,02INLAND,6,0,0.0,0,0,PJM
1,238889,CC,141,2051,1065.450423704895,0.0,41.4742,-83.4551,202,345.0,02LEMOYN,6,0,0.0,0,0,PJM
1,239133,Solar,760,2036,1125.7819265198052,0.0,40.2593,-83.087,202,345.0,02TANGY,6,0,0.0,0,0,PJM
1,239133,Solar,760,2041,1263.2859894801948,0.0,40.2593,-83.087,202,345.0,02TANGY,6,0,0.0,0,0,PJM
1,239133,Wind,1042,2041,120.0,0.0,40.2593,-83.087,202,345.0,02TANGY,6,0,0.0,0,0,PJM
1,239154,Solar,761,2036,1416.5771179637502,0.0,41.3444,-83.1381,202,138.0,02W.FREM,6,0,0.0,0,0,PJM
1,239154,Solar,761,2041,725.3183985924018,0.0,41.3444,-83.1381,202,138.0,02W.FREM,6,0,0.0,0,0,PJM
1,239154,Solar,761,2046,92.518086443848,0.0,41.3444,-83.1381,202,138.0,02W.FREM,6,0,0.0,0,0,PJM
1,239280,Solar,762,2036,433.7772592,0.0,40.72297,-80.09841,202,500.0,02CRNBRY,6,0,0.0,0,0,PJM
1,241913,Solar,763,2036,1236.3067969,0.0,40.9929,-80.4377,202,345.0,AA1-044 COL,6,0,0.0,0,0,PJM
1,242508,Solar,764,2046,159.524057525,0.0,38.47328,-81.8228,205,765.0,05AMOS,6,0,0.0,0,0,PJM
1,242508,Wind,1043,2051,36.0,0.0,38.47328,-81.8228,205,765.0,05AMOS,6,0,0.0,0,0,PJM
1,242510,Wind,1044,2051,168.0,0.0,38.18137,-82.61016,205,765.0,05BAKER,6,0,0.0,0,0,PJM
1,242511,Solar,765,2041,39.59251425,0.0,36.92143,-81.67954,205,765.0,05BROADF,6,0,0.0,0,0,PJM
1,242511,Wind,1045,2046,678.0,0.0,36.92143,-81.67954,205,765.0,05BROADF,6,0,0.0,0,0,PJM
1,242512,Wind,1046,2046,390.0,0.0,37.37558,-79.8933,205,765.0,05CLOVRD,6,0,0.0,0,0,PJM
1,242513,Solar,767,2046,156.579565428,0.0,38.41464,-82.08025,205,765.0,05CULLOD,6,0,0.0,0,0,PJM
1,242514,Solar,768,2046,100.5269801,0.0,36.87909,-80.82237,205,765.0,05J.FERR,6,0,0.0,0,0,PJM
1,242514,Wind,1047,2041,324.0,0.0,36.87909,-80.82237,205,765.0,05J.FERR,6,0,0.0,0,0,PJM
1,242516,Solar,769,2046,651.7094836,0.0,38.97589,-81.94206,205,765.0,05MOUNTN,6,0,0.0,0,0,PJM
1,242517,Solar,770,2046,57.941571633,0.0,37.65787,-81.67761,205,765.0,05WYOMIN,6,0,0.0,0,0,PJM
1,242517,Wind,1048,2051,2088.0,0.0,37.65787,-81.67761,205,765.0,05WYOMIN,6,0,0.0,0,0,PJM
1,242521,Solar,771,2036,388.397970243,0.0,36.5928549692039,-82.6932667440837,205,500.0,05NAGEL,6,0,0.0,0,0,PJM
1,242521,Wind,1049,2051,150.0,0.0,36.5928549692039,-82.6932667440837,205,500.0,05NAGEL,6,0,0.0,0,0,PJM
1,242522,Solar,772,2046,134.23796589,0.0,38.47328,-81.8228,205,345.0,05AMOS,6,0,0.0,0,0,PJM
1,242522,Wind,1050,2051,54.0,0.0,38.47328,-81.8228,205,345.0,05AMOS,6,0,0.0,0,0,PJM
1,242523,Solar,773,2046,152.213191117,0.0,38.18137,-82.61016,205,345.0,05BAKER,6,0,0.0,0,0,PJM
1,242525,Solar,774,2046,81.476061728,0.0,38.2078,-81.419,205,345.0,05KANAWH,6,0,0.0,0,0,PJM
1,242525,Wind,1051,2051,366.0,0.0,38.2078,-81.419,205,345.0,05KANAWH,6,0,0.0,0,0,PJM
1,242527,Solar,775,2036,142.373101562,0.0,37.2315,-80.1674,205,345.0,05M FUNK,6,0,0.0,0,0,PJM
1,242527,Wind,1052,2051,174.0,0.0,37.2315,-80.1674,205,345.0,05M FUNK,6,0,0.0,0,0,PJM
1,242528,Solar,776,2046,470.0425412,0.0,38.9619,-81.9294,205,345.0,05SPORN,6,0,0.0,0,0,PJM
1,242528,Wind,1053,2051,114.0,0.0,38.9619,-81.9294,205,345.0,05SPORN,6,0,0.0,0,0,PJM
1,242529,Solar,777,2046,347.55697533,0.0,38.3521,-82.532,205,345.0,05TRISTA,6,0,0.0,0,0,PJM
1,242529,Wind,1054,2051,30.0,0.0,38.3521,-82.532,205,345.0,05TRISTA,6,0,0.0,0,0,PJM
1,242605,Solar,778,2036,69.99753824,0.0,36.9305,-82.1981,205,138.0,05CLNCHR,6,0,0.0,0,0,PJM
1,242605,Wind,1055,2051,894.0,0.0,36.9305,-82.1981,205,138.0,05CLNCHR,6,0,0.0,0,0,PJM
1,242689,Solar,779,2046,133.933244367,0.0,38.2078,-81.4191,205,138.0,05KANAWHA1,6,0,0.0,0,0,PJM
1,242689,Wind,1056,2051,42.0,0.0,38.2078,-81.4191,205,138.0,05KANAWHA1,6,0,0.0,0,0,PJM
1,242802,Wind,1057,2051,240.0,0.0,37.0403,-79.5326,205,138.0,05SMITHMTN,6,0,0.0,0,0,PJM
1,242920,Solar,780,2046,260.604003736,0.0,39.3452,-81.3087,205,765.0,05BELMON,6,0,0.0,0,0,PJM
1,242920,Wind,1058,2051,510.0,0.0,39.3452,-81.3087,205,765.0,05BELMON,6,0,0.0,0,0,PJM
1,242922,Solar,781,2046,570.0464859,0.0,39.08567,-82.33066,205,765.0,05FLTLCK,6,0,0.0,0,0,PJM
1,242922,Wind,1059,2046,288.0,0.0,39.08567,-82.33066,205,765.0,05FLTLCK,6,0,0.0,0,0,PJM
1,242924,Wind,1060,2051,474.0,0.0,38.56931,-82.77464,205,765.0,05HANG R,6,0,0.0,0,0,PJM
1,242925,Solar,782,2041,145.1620805,0.0,39.83345,-80.806,205,765.0,05KAMMER,6,0,0.0,0,0,PJM
1,242927,Wind,1061,2051,78.0,0.0,39.0163,-83.0043,205,765.0,05MARQUI,6,0,0.0,0,0,PJM
1,242928,Wind,1062,2036,72.0,0.0,40.33275,-83.430458,205,765.0,05MARYSV,6,0,0.0,0,0,PJM
1,242929,Wind,1063,2046,60.0,0.0,38.4771,-82.396,205,765.0,05NPROCT,6,0,0.0,0,0,PJM
1,242932,Solar,783,2036,470.0884168926598,0.0,40.7734,-81.3292,205,345.0,05CANTNC,6,0,0.0,0,0,PJM
1,242932,Solar,783,2041,268.77592760734024,0.0,40.7734,-81.3292,205,345.0,05CANTNC,6,0,0.0,0,0,PJM
1,242933,Wind,1064,2041,144.0,0.0,40.8472,-84.705,205,345.0,05RPMONE,6,0,0.0,0,0,PJM
1,242940,Wind,1066,2051,312.0,0.0,39.567,-81.6626,205,345.0,05MUSKNG,6,0,0.0,0,0,PJM
1,242942,Wind,1067,2041,36.0,0.0,41.0207,-83.2996,205,345.0,05SBERWI,6,0,0.0,0,0,PJM
1,242947,Wind,1068,2051,42.0,0.0,39.5226,-81.6895,205,345.0,05WATERFORD,6,0,0.0,0,0,PJM
1,242948,Solar,784,2041,105.0462738,0.0,40.0219,-80.8067,205,345.0,05WBELLA,6,0,0.0,0,0,PJM
1,243017,Wind,1069,2036,156.0,0.0,41.0164,-84.5935,205,138.0,05HAVILAND1,6,0,0.0,0,0,PJM
1,243205,Solar,785,2036,4133.1565183007615,0.0,41.9757828419981,-86.5651191732621,205,765.0,05COOK,6,0,0.0,0,0,PJM
1,243205,Solar,785,2041,68.79449200046838,0.0,41.9757828419981,-86.5651191732621,205,765.0,05COOK,6,0,0.0,0,0,PJM
1,243205,Solar,785,2051,7798.04898969877,0.0,41.9757828419981,-86.5651191732621,205,765.0,05COOK,6,0,0.0,0,0,PJM
1,243206,Solar,786,2036,2156.824716,0.0,41.52348,-86.36045134,205,765.0,05DUMONT,6,0,0.0,0,0,PJM
1,243206,Wind,1072,2041,1086.0,0.0,41.52348,-86.36045134,205,765.0,05DUMONT,6,0,0.0,0,0,PJM
1,243207,Wind,1073,2036,438.0,0.0,40.8856257095422,-85.8149641098438,205,765.0,05GRNTWN,6,0,0.0,0,0,PJM
1,243208,Wind,1074,2046,456.0,0.0,38.74177,-85.43828,205,765.0,05JEFRSO,6,0,0.0,0,0,PJM
1,243209,Solar,787,2046,1274.355377161,0.0,37.9275419438651,-87.0377864585912,205,765.0,05ROCKPT,6,0,0.0,0,0,PJM
1,243209,Wind,1075,2051,1164.0,0.0,37.9275419438651,-87.0377864585912,205,765.0,05ROCKPT,6,0,0.0,0,0,PJM
1,243210,Solar,788,2046,484.7754312777452,0.0,39.1894,-87.5496,205,765.0,05SULLIVAN,6,0,0.0,0,0,PJM
1,243210,Solar,788,2051,1818.9334187222548,0.0,39.1894,-87.5496,205,765.0,05SULLIVAN,6,0,0.0,0,0,PJM
1,243210,Wind,1076,2046,822.0,0.0,39.1894,-87.5496,205,765.0,05SULLIVAN,6,0,0.0,0,0,PJM
1,243211,Solar,789,2046,508.99952827553335,0.0,41.0144,-84.9767,205,345.0,05ALLEN,6,0,0.0,0,0,PJM
1,243211,Solar,789,2051,2825.0518497244666,0.0,41.0144,-84.9767,205,345.0,05ALLEN,6,0,0.0,0,0,PJM
1,243212,Solar,790,2041,522.1625195490982,0.0,42.1889,-86.3342,205,345.0,05BENTON,6,0,0.0,0,0,PJM
1,243212,Solar,790,2046,785.6989137844438,0.0,42.1889,-86.3342,205,345.0,05BENTON,6,0,0.0,0,0,PJM
1,243212,Solar,790,2051,10692.13856666646,0.0,42.1889,-86.3342,205,345.0,05BENTON,6,0,0.0,0,0,PJM
1,243214,Solar,791,2036,590.6924924131633,0.0,41.2732,-85.0634,205,345.0,05COLNGW,6,0,0.0,0,0,PJM
1,243214,Solar,791,2046,1767.0661385868368,0.0,41.2732,-85.0634,205,345.0,05COLNGW,6,0,0.0,0,0,PJM
1,243217,Wind,1078,2041,1842.8209513047161,0.0,40.4691,-87.0143,205,345.0,05DEQUIN,6,0,0.0,0,0,PJM
1,243217,Wind,1078,2046,4283.179048695284,0.0,40.4691,-87.0143,205,345.0,05DEQUIN,6,0,0.0,0,0,PJM
1,243218,Wind,1079,2046,258.0,0.0,40.224,-85.2963,205,345.0,05DESOTO,6,0,0.0,0,0,PJM
1,243221,Wind,1080,2041,192.63903205031934,0.0,39.9426,-87.5009,205,345.0,05EUGENE,6,0,0.0,0,0,PJM
1,243221,Wind,1080,2046,3797.360967949681,0.0,39.9426,-87.5009,205,345.0,05EUGENE,6,0,0.0,0,0,PJM
1,243222,Solar,792,2041,1494.9739759242252,0.0,39.9918,-85.5935,205,345.0,05FALL C,6,0,0.0,0,0,PJM
1,243222,Solar,792,2051,1534.005330075775,0.0,39.9918,-85.5935,205,345.0,05FALL C,6,0,0.0,0,0,PJM
1,243222,Wind,1081,2041,906.0,0.0,39.9918,-85.5935,205,345.0,05FALL C,6,0,0.0,0,0,PJM
1,243225,Solar,793,2041,912.9214309960747,0.0,40.5399,-85.3477,205,345.0,05KEYSTN,6,0,0.0,0,0,PJM
1,243225,Solar,793,2051,1300.629863003925,0.0,40.5399,-85.3477,205,345.0,05KEYSTN,6,0,0.0,0,0,PJM
1,243225,Wind,1082,2041,780.0,0.0,40.5399,-85.3477,205,345.0,05KEYSTN,6,0,0.0,0,0,PJM
1,243228,Wind,1083,2041,204.0,0.0,41.0719,-85.5046,205,345.0,05MERIDN,6,0,0.0,0,0,PJM
1,243231,Solar,794,2046,132.0327369,0.0,41.1698,-85.0935,205,345.0,05ROB PK,6,0,0.0,0,0,PJM
1,243233,Solar,795,2041,787.0907953,0.0,39.0836,-84.8601,205,345.0,05TANNER,6,0,0.0,0,0,PJM
1,243233,Wind,1084,2036,54.0,0.0,39.0836,-84.8601,205,345.0,05TANNER,6,0,0.0,0,0,PJM
1,243234,Solar,796,2036,746.0651812000001,0.0,41.6834,-86.1495,205,345.0,05TWIN B,6,0,0.0,0,0,PJM
1,243253,Solar,797,2036,400.8097216071949,0.0,40.3242,-84.9828,205,138.0,05BLUFFP,6,0,0.0,0,0,PJM
1,243253,Solar,797,2046,37.74602163585706,0.0,40.3242,-84.9828,205,138.0,05BLUFFP,6,0,0.0,0,0,PJM
1,243253,Solar,797,2051,2707.2503697569477,0.0,40.3242,-84.9828,205,138.0,05BLUFFP,6,0,0.0,0,0,PJM
1,243253,Wind,1086,2041,2346.0,0.0,40.3242,-84.9828,205,138.0,05BLUFFP,6,0,0.0,0,0,PJM
1,243319,Wind,1087,2036,750.0,0.0,40.379,-85.1915,205,138.0,05JAY,6,0,0.0,0,0,PJM
1,243453,Wind,1088,2046,120.0,0.0,39.8631,-83.12,205,345.0,05BEATTY,6,0,0.0,0,0,PJM
1,243454,Wind,1089,2051,102.0,0.0,39.8777,-82.9072,205,345.0,05BIXBY,6,0,0.0,0,0,PJM
1,243455,Wind,1090,2051,54.0,0.0,40.1876,-81.8891,205,345.0,05CONES,6,0,0.0,0,0,PJM
1,243457,Wind,1091,2036,228.0,0.0,40.0672,-83.207,205,345.0,05HAYDEN,6,0,0.0,0,0,PJM
1,243669,Solar,798,2046,312.323336306,0.0,38.1727,-82.6178,205,138.0,05B SAND,6,0,0.0,0,0,PJM
1,243669,Wind,1092,2051,1632.0,0.0,38.1727,-82.6178,205,138.0,05B SAND,6,0,0.0,0,0,PJM
1,243792,Solar,799,2036,2012.5373810778806,0.0,40.0284,-85.1747,205,345.0,05LOSANTVILL,6,0,0.0,0,0,PJM
1,243792,Solar,799,2051,749.4745319221192,0.0,40.0284,-85.1747,205,345.0,05LOSANTVILL,6,0,0.0,0,0,PJM
1,243792,Wind,1093,2041,1404.0,0.0,40.0284,-85.1747,205,345.0,05LOSANTVILL,6,0,0.0,0,0,PJM
1,243855,Wind,1094,2046,60.0,0.0,40.1221,-82.8363,205,345.0,05JUG ST,6,0,0.0,0,0,PJM
1,243878,Solar,800,2036,333.1558431664196,0.0,40.6529,-86.9338,205,345.0,05MEADOW,6,0,0.0,0,0,PJM
1,243878,Solar,800,2051,3424.6338728335804,0.0,40.6529,-86.9338,205,345.0,05MEADOW,6,0,0.0,0,0,PJM
1,243878,Wind,1095,2041,4722.0,0.0,40.6529,-86.9338,205,345.0,05MEADOW,6,0,0.0,0,0,PJM
1,243902,Wind,1096,2041,282.0,0.0,40.631,-83.7942,205,345.0,05HARDIN SS,6,0,0.0,0,0,PJM
1,243903,Wind,1097,2041,24.0,0.0,40.5873,-83.7164,205,345.0,05GUNN RD SS,6,0,0.0,0,0,PJM
1,244022,Wind,1098,2036,54.0,0.0,39.9614,-83.1806,205,345.0,05COLE,6,0,0.0,0,0,PJM
1,245769,Wind,1099,2041,114.0,0.0,39.7683,-83.2476,205,345.0,05ADKINS,6,0,0.0,0,0,PJM
1,246108,Solar,802,2041,110.4235269,0.0,39.84,-80.8191,205,138.0,05KAMMER24,6,0,0.0,0,0,PJM
1,246312,Wind,1100,2046,48.0,0.0,40.0786,-82.7731,205,345.0,05BABBITT,6,0,0.0,0,0,PJM
1,246752,Wind,1101,2036,654.0,0.0,40.2311,-82.8466,205,345.0,05VASSEL,6,0,0.0,0,0,PJM
1,246888,Wind,1102,2046,30.0,0.0,39.3976,-83.0996,205,345.0,05BIERSR,6,0,0.0,0,0,PJM
1,246929,Wind,1103,2036,330.0,0.0,40.9293,-84.5607,205,345.0,05MADDOX,6,0,0.0,0,0,PJM
1,246946,CC,170,2051,79.73438476525527,0.0,39.1124,-83.7421,205,138.0,05WLDCAT,6,0,0.0,0,0,PJM
1,246950,Wind,1104,2046,804.0,0.0,41.019,-84.6918,205,138.0,05TIMBSS,6,0,0.0,0,0,PJM
1,246988,Wind,1105,2041,2166.0,0.0,40.3206,-85.7769,205,138.0,05STRWTN,6,0,0.0,0,0,PJM
1,246999,Wind,1106,2041,156.0,0.0,40.9837,-85.3416,205,765.0,05SORENS,6,0,0.0,0,0,PJM
1,247105,Wind,1107,2046,180.0,0.0,41.3684,-84.9742,205,345.0,05VARNER,6,0,0.0,0,0,PJM
1,247797,Solar,806,2041,29.16662476,0.0,40.3728,-81.0437,205,345.0,05STEMPLE,6,0,0.0,0,0,PJM
1,247797,Wind,1108,2051,30.0,0.0,40.3728,-81.0437,205,345.0,05STEMPLE,6,0,0.0,0,0,PJM
1,247864,Wind,1109,2036,264.0,0.0,41.0048,-84.7429,205,138.0,05LOGTOWN,6,0,0.0,0,0,PJM
1,248003,Wind,1110,2051,54.0,0.0,39.0219,-83.0083,206,345.0,06DOE530,6,0,0.0,0,0,PJM
1,249564,Solar,807,2041,1489.51470312,0.0,38.9839,-84.609,212,345.0,08BUFTN1,6,0,0.0,0,0,PJM
1,249565,Solar,808,2041,2169.3134956361628,0.0,38.9054,-84.8527,212,345.0,08EBEND,6,0,0.0,0,0,PJM
1,249565,Solar,808,2046,1337.2913761837558,0.0,38.9054,-84.8527,212,345.0,08EBEND,6,0,0.0,0,0,PJM
1,249565,Solar,808,2051,134.44685248008136,0.0,38.9054,-84.8527,212,345.0,08EBEND,6,0,0.0,0,0,PJM
1,249573,Solar,809,2041,1289.8714324,0.0,39.025,-84.377,212,345.0,08SGROVE,6,0,0.0,0,0,PJM
1,253077,Solar,811,2041,384.5428172,0.0,38.6383,-83.6938,209,345.0,09STUART,6,0,0.0,0,0,PJM
1,253077,Wind,1112,2051,270.0,0.0,38.6383,-83.6938,209,345.0,09STUART,6,0,0.0,0,0,PJM
1,253248,Wind,1113,2041,174.0,0.0,39.7687,-83.6452,209,345.0,09SCHARL,6,0,0.0,0,0,PJM
1,253931,Solar,815,2036,810.96889924,0.0,40.5078,-80.3053,215,345.0,15CLINTN,6,0,0.0,0,0,PJM
1,253965,Solar,816,2041,169.00762324,0.0,40.3837,-80.0944,215,345.0,15COLLIE,6,0,0.0,0,0,PJM
1,253990,Solar,817,2041,26.58614244,0.0,40.4071,-79.9482,215,345.0,15CARSON,6,0,0.0,0,0,PJM
1,254064,Solar,818,2036,60.3469459,0.0,40.5375,-79.7917,215,138.0,15CHESWK,6,0,0.0,0,0,PJM
1,270070,Solar,819,2036,1013.6310258,0.0,40.0438,-77.6175,225,500.0,RICE_500,6,0,0.0,0,0,PJM
1,270070,Wind,1115,2046,1278.0,0.0,40.0438,-77.6175,225,500.0,RICE_500,6,0,0.0,0,0,PJM
1,270072,Solar,820,2041,261.28569854,0.0,40.0452,-76.6367,225,500.0,FUR RUN_500,6,0,0.0,0,0,PJM
1,270162,Wind,1116,2041,54.0,0.0,40.0269,-81.4452,205,765.0,AB2-067 TAP,6,0,0.0,0,0,PJM
1,304009,Solar,821,2046,1196.392908,0.0,35.633333,-78.955,340,230.0,6HARRIS230 T,6,0,0.0,0,0,DUKE
1,304009,Wind,1117,2051,420.0,0.0,35.633333,-78.955,340,230.0,6HARRIS230 T,6,0,0.0,0,0,DUKE
1,304015,Solar,822,2036,673.9879641,0.0,36.52748,-78.8907,340,500.0,8MAYO 500 TT,6,0,0.0,0,0,DUKE
1,304015,Wind,1118,2046,594.0,0.0,36.52748,-78.8907,340,500.0,8MAYO 500 TT,6,0,0.0,0,0,DUKE
1,304018,CC,178,2051,600.2721136927516,0.0,34.4017,-80.1589,340,230.0,6ROB2 230  T,6,0,0.0,0,0,DUKE
1,304018,Solar,823,2041,1294.681219,0.0,34.4017,-80.1589,340,230.0,6ROB2 230  T,6,0,0.0,0,0,DUKE
1,304018,Wind,1119,2051,1104.0,0.0,34.4017,-80.1589,340,230.0,6ROB2 230  T,6,0,0.0,0,0,DUKE
1,304020,Solar,824,2036,240.70052383853437,0.0,33.958333,-78.010278,340,230.0,6BRUN2 230 T,6,0,0.0,0,0,DUKE
1,304020,Solar,824,2046,201.32391166146562,0.0,33.958333,-78.010278,340,230.0,6BRUN2 230 T,6,0,0.0,0,0,DUKE
1,304024,Solar,825,2041,1287.900309302,0.0,36.4833,-79.0731,340,230.0,6ROXSEP230 T,6,0,0.0,0,0,DUKE
1,304024,Wind,1120,2051,144.0,0.0,36.4833,-79.0731,340,230.0,6ROXSEP230 T,6,0,0.0,0,0,DUKE
1,304035,CC,179,2051,50.454300861058385,0.0,34.2818229100001,-77.98395034,340,115.0,3SUTTON115 T,6,0,0.0,0,0,DUKE
1,304035,Wind,1121,2046,54.0,0.0,34.2818229100001,-77.98395034,340,115.0,3SUTTON115 T,6,0,0.0,0,0,DUKE
1,304039,Solar,827,2051,1328.520108,0.0,34.2831,-77.9852,340,230.0,6SUTTON230 T,6,0,0.0,0,1,DUKE
1,304039,Wind,1122,2046,1488.0,0.0,34.2831,-77.9852,340,230.0,6SUTTON230 T,6,0,0.0,0,1,DUKE
1,304117,Solar,828,2036,146.5107908,0.0,35.95062,-78.75006,340,230.0,6DURHAM230 T,6,0,0.0,0,0,DUKE
1,304117,Wind,1123,2046,66.0,0.0,35.95062,-78.75006,340,230.0,6DURHAM230 T,6,0,0.0,0,0,DUKE
1,304190,Solar,829,2041,793.3996828,0.0,35.7819622,-78.45309821,340,230.0,6WAKE 230 TT,6,0,0.0,0,0,DUKE
1,304251,Solar,830,2046,332.3367352,0.0,35.3770869640001,-78.09493195,340,230.0,6LEESUB230 T,6,0,0.0,0,0,DUKE
1,304251,Wind,1124,2046,144.0,0.0,35.3770869640001,-78.09493195,340,230.0,6LEESUB230 T,6,0,0.0,0,0,DUKE
1,304378,Solar,831,2046,1206.097657034,0.0,34.8435,-79.74644,340,230.0,6RICHMON230T,6,0,0.0,0,0,DUKE
1,304378,Wind,1125,2051,522.0,0.0,34.8435,-79.74644,340,230.0,6RICHMON230T,6,0,0.0,0,0,DUKE
1,304390,Solar,832,2046,1115.678813,0.0,34.878219699,-78.7820611659999,340,230.0,6CUMBLND230T,6,0,0.0,0,0,DUKE
1,304390,Wind,1126,2046,1116.0,0.0,34.878219699,-78.7820611659999,340,230.0,6CUMBLND230T,6,0,0.0,0,0,DUKE
1,304453,Solar,833,2041,250.1177385241563,0.0,35.625485,-77.365534,340,230.0,6GREENVILE S,6,0,0.0,0,1,DUKE
1,304453,Solar,833,2046,440.13272629684377,0.0,35.625485,-77.365534,340,230.0,6GREENVILE S,6,0,0.0,0,1,DUKE
1,304453,Wind,1127,2046,1566.0,0.0,35.625485,-77.365534,340,230.0,6GREENVILE S,6,0,0.0,0,1,DUKE
1,304463,Solar,834,2051,996.2907609,0.0,35.141343,-77.123405,340,230.0,6NEW BERN WE,6,0,0.0,0,1,DUKE
1,304463,Wind,1128,2046,1944.0,0.0,35.141343,-77.123405,340,230.0,6NEW BERN WE,6,0,0.0,0,1,DUKE
1,304800,Solar,835,2036,289.860504585,0.0,35.572599528,-82.5681389259999,341,115.0,3ASHVLE115ET,6,0,0.0,0,0,DUKE
1,304800,Wind,1129,2051,618.0,0.0,35.572599528,-82.5681389259999,341,115.0,3ASHVLE115ET,6,0,0.0,0,0,DUKE
1,306008,Solar,836,2036,565.657425,0.0,34.795290074,-82.8957500209999,342,500.0,8OCONEE,6,0,0.0,0,0,DUKE
1,306106,CC,185,2051,1856.7133669667098,0.0,34.958118911,-82.9098688919999,342,230.0,6JOCASSE,6,0,0.0,0,0,DUKE
1,306106,Solar,837,2036,121.214598323,0.0,34.958118911,-82.9098688919999,342,230.0,6JOCASSE,6,0,0.0,0,0,DUKE
1,306106,Wind,1130,2041,42.0,0.0,34.958118911,-82.9098688919999,342,230.0,6JOCASSE,6,0,0.0,0,0,DUKE
1,306113,Wind,1131,2051,234.0,0.0,34.958118911,-82.9098688919999,342,500.0,8JOCASSE,6,0,0.0,0,0,DUKE
1,306265,CC,186,2051,314.44986019674366,0.0,35.076207352,-81.5741846359999,342,230.0,6RIVERVW,6,0,0.0,0,0,DUKE
1,306265,Solar,838,2041,992.9522953,0.0,35.076207352,-81.5741846359999,342,230.0,6RIVERVW,6,0,0.0,0,0,DUKE
1,306265,Wind,1132,2051,864.0,0.0,35.076207352,-81.5741846359999,342,230.0,6RIVERVW,6,0,0.0,0,0,DUKE
1,306332,Solar,839,2041,876.8235445,0.0,35.051772999,-81.0746241269999,342,230.0,6CATAWBA,6,0,0.0,0,0,DUKE
1,306332,Wind,1133,2051,54.0,0.0,35.051772999,-81.0746241269999,342,230.0,6CATAWBA,6,0,0.0,0,0,DUKE
1,306335,Solar,840,2046,1121.706225,0.0,35.157518,-81.432906,342,230.0,6RIPP,6,0,0.0,0,0,DUKE
1,306337,Solar,841,2051,997.6700391,0.0,34.90375533,-79.7583098419999,342,500.0,8NEWPORT,6,0,0.0,0,0,DUKE
1,306337,Wind,1134,2051,348.0,0.0,34.90375533,-79.7583098419999,342,500.0,8NEWPORT,6,0,0.0,0,0,DUKE
1,306441,Solar,842,2041,1141.519458,0.0,35.4317,-81.0347,342,230.0,6LINCOLN,6,0,0.0,0,0,DUKE
1,306443,CC,188,2051,3000.0,0.0,35.5975,-80.9658,342,230.0,6MARSHAL,6,0,0.0,0,0,DUKE
1,306443,Solar,843,2046,590.3438836,0.0,35.5975,-80.9658,342,230.0,6MARSHAL,6,0,0.0,0,0,DUKE
1,306536,Solar,844,2051,709.985693,0.0,35.7133,-80.3767,342,230.0,6BUCK,6,0,0.0,0,0,DUKE
1,306536,Wind,1135,2051,570.0,0.0,35.7133,-80.3767,342,230.0,6BUCK,6,0,0.0,0,0,DUKE
1,306546,Solar,845,2041,701.8787953,0.0,35.4325,-80.948333,342,500.0,8MCGUIRE,6,0,0.0,0,0,DUKE
1,306714,Solar,846,2041,1528.8746203,0.0,36.281341415,-80.059622613,342,230.0,6BELEWS,6,0,0.0,0,0,DUKE
1,306719,Solar,847,2041,346.1840965,0.0,36.177511,-81.034441,342,500.0,8ANTIOCH,6,0,0.0,0,0,DUKE
1,306719,Wind,1136,2051,768.0,0.0,36.177511,-81.034441,342,500.0,8ANTIOCH,6,0,0.0,0,0,DUKE
1,306826,Solar,848,2046,499.8139172,0.0,36.3307335310001,-79.8330266359999,342,230.0,6ERNEST2,6,0,0.0,0,0,DUKE
1,306836,Solar,849,2046,594.0763383,0.0,35.385095934,-80.8843321049999,342,500.0,8WOODLF,6,0,0.0,0,0,DUKE
1,306836,Wind,1137,2051,60.0,0.0,35.385095934,-80.8843321049999,342,500.0,8WOODLF,6,0,0.0,0,0,DUKE
1,306849,Solar,850,2041,1509.089864,0.0,34.7539982944851,-81.0624674724122,342,500.0,8PARKWOD,6,0,0.0,0,0,DUKE
1,306849,Wind,1138,2051,3330.0,0.0,34.7539982944851,-81.0624674724122,342,500.0,8PARKWOD,6,0,0.0,0,0,DUKE
1,308602,Solar,851,2041,606.4845258,0.0,36.4862,-79.7208,342,100.0,DNRVRGEN,6,0,0.0,0,0,DUKE
1,308602,Wind,1139,2051,90.0,0.0,36.4862,-79.7208,342,100.0,DNRVRGEN,6,0,0.0,0,0,DUKE
1,308652,CC,192,2051,1855.528397597186,0.0,35.2025,-81.3631,342,230.0,6DIXON_SCH,6,0,0.0,0,0,DUKE
1,308652,Solar,852,2041,819.5869828,0.0,35.2025,-81.3631,342,230.0,6DIXON_SCH,6,0,0.0,0,0,DUKE
1,308652,Wind,1140,2051,48.0,0.0,35.2025,-81.3631,342,230.0,6DIXON_SCH,6,0,0.0,0,0,DUKE
1,308788,Wind,1141,2051,228.0,0.0,35.2199619988976,-81.7665604180091,342,500.0,8CLFSDTAP,6,0,0.0,0,0,DUKE
1,309057,Wind,1142,2051,36.0,0.0,35.385095934,-80.8843321049999,342,500.0,8GODBEYRTRT,6,0,0.0,0,0,DUKE
1,311910,Solar,854,2046,1221.6741146779973,0.0,34.9834833,-79.8775806,344,230.0,6PEEDEE,6,0,0.0,0,0,DUKE
1,311910,Solar,854,2051,266.68379932200264,0.0,34.9834833,-79.8775806,344,230.0,6PEEDEE,6,0,0.0,0,0,DUKE
1,311910,Wind,1143,2051,1992.0,0.0,34.9834833,-79.8775806,344,230.0,6PEEDEE,6,0,0.0,0,0,DUKE
1,312710,Solar,855,2051,468.671632,0.0,33.371944,-80.105556,344,230.0,6CROSS,6,0,0.0,0,0,DUKE
1,312710,Wind,1144,2051,822.0,0.0,33.371944,-80.105556,344,230.0,6CROSS,6,0,0.0,0,0,DUKE
1,312719,Solar,856,2051,725.1145945,0.0,33.33183879,-79.3572917139999,344,230.0,6WINYAH,6,0,0.0,0,1,DUKE
1,312719,Wind,1145,2051,240.0,0.0,33.33183879,-79.3572917139999,344,230.0,6WINYAH,6,0,0.0,0,1,DUKE
1,312735,Solar,857,2036,454.5613688,0.0,34.3477,-82.7745,344,230.0,6RAINEY,6,0,0.0,0,0,DUKE
1,312735,Wind,1146,2051,1134.0,0.0,34.3477,-82.7745,344,230.0,6RAINEY,6,0,0.0,0,0,DUKE
1,313713,Solar,858,2046,94.06463399226593,0.0,36.4223,-76.3668,345,230.0,6SWAMP,6,0,0.0,0,0,PJM
1,313713,Solar,858,2051,47.199366007734085,0.0,36.4223,-76.3668,345,230.0,6SWAMP,6,0,0.0,0,0,PJM
1,313713,Wind,1147,2041,1002.0,0.0,36.4223,-76.3668,345,230.0,6SWAMP,6,0,0.0,0,0,PJM
1,313714,Solar,859,2036,639.8579813,0.0,36.17971,-76.48369,345,230.0,6PERQUIMANS,6,0,0.0,0,0,PJM
1,313714,Wind,1148,2046,2106.0,0.0,36.17971,-76.48369,345,230.0,6PERQUIMANS,6,0,0.0,0,0,PJM
1,313844,Solar,860,2036,151.6062960059007,0.0,36.042359,-77.752907,345,115.0,3HATHAWAY,6,0,0.0,0,0,PJM
1,313844,Solar,860,2046,237.74868059409928,0.0,36.042359,-77.752907,345,115.0,3HATHAWAY,6,0,0.0,0,0,PJM
1,313844,Wind,1149,2046,942.0,0.0,36.042359,-77.752907,345,115.0,3HATHAWAY,6,0,0.0,0,0,PJM
1,313896,Wind,1150,2051,54.0,0.0,37.159431,-76.916811,345,230.0,6COLONIAL TR,6,0,0.0,0,0,PJM
1,314197,Wind,1151,2051,162.0,0.0,38.0736,-77.5131,345,230.0,6LDYSMITH CT,6,0,0.0,0,0,PJM
1,314212,Wind,1152,2051,252.0,0.0,37.82178788,-77.44353517,345,230.0,6FOUR RIVERS,6,0,0.0,0,0,PJM
1,314214,Wind,1153,2046,300.0,0.0,37.437,-77.15869,345,230.0,6CHCKAHM,6,0,0.0,0,0,PJM
1,314220,Wind,1154,2051,60.0,0.0,37.8208,-77.4435,345,115.0,3FOURRIVERS,6,0,0.0,0,0,PJM
1,314286,Solar,861,2036,855.5693977,0.0,37.382985223,-77.3824814659999,345,230.0,6CHESTF A,6,0,0.0,0,0,PJM
1,314481,Solar,862,2051,139.611157,0.0,36.7714,-76.0923,345,230.0,6LANDSTN,6,0,0.0,0,1,PJM
1,314538,Solar,863,2036,72.87206133,0.0,37.1624,-76.6958,345,230.0,6SURRY,6,0,0.0,0,0,PJM
1,314538,Wind,1156,2046,54.0,0.0,37.1624,-76.6958,345,230.0,6SURRY,6,0,0.0,0,0,PJM
1,314583,Wind,1157,2046,1272.0,0.0,36.474684806,-77.6707167559999,345,230.0,6LAKEVEW,6,0,0.0,0,0,PJM
1,314747,Wind,1158,2051,1290.0,0.0,37.705278,-78.289444,345,230.0,6BREMO,6,0,0.0,0,0,PJM
1,314901,Solar,864,2041,24.63984207,0.0,38.2091578245248,-79.8002185228444,345,500.0,8BATH CO,6,0,0.0,0,0,PJM
1,314902,Solar,865,2046,1334.967834,0.0,37.0837885246589,-77.4066272377832,345,500.0,8CARSON,6,0,0.0,0,0,PJM
1,314902,Wind,1161,2046,138.0,0.0,37.0837885246589,-77.4066272377832,345,500.0,8CARSON,6,0,0.0,0,0,PJM
1,314903,Solar,866,2046,1132.350384,0.0,37.437,-77.15869,345,500.0,8CHCKAHM,6,0,0.0,0,0,PJM
1,314903,Wind,1162,2051,204.0,0.0,37.437,-77.15869,345,500.0,8CHCKAHM,6,0,0.0,0,0,PJM
1,314904,Solar,867,2041,654.2838914,0.0,38.78112,-77.39879,345,500.0,8CLIFTON,6,0,0.0,0,0,PJM
1,314906,Wind,1163,2051,1044.0,0.0,37.37558,-79.8933,345,500.0,8CLOVER,6,0,0.0,0,0,PJM
1,314907,Solar,868,2036,348.0163102,0.0,38.10695,-78.84879,345,500.0,8DOOMS,6,0,0.0,0,0,PJM
1,314907,Wind,1164,2051,1164.0,0.0,38.10695,-78.84879,345,500.0,8DOOMS,6,0,0.0,0,0,PJM
1,314908,Solar,869,2041,1053.98010358,0.0,37.69757,-77.48454,345,500.0,8ELMONT,6,0,0.0,0,0,PJM
1,314910,Solar,870,2036,999.3159844,0.0,37.86862,-78.37415,345,500.0,8CUNINGHAM,6,0,0.0,0,0,PJM
1,314910,Wind,1165,2051,318.0,0.0,37.86862,-78.37415,345,500.0,8CUNINGHAM,6,0,0.0,0,0,PJM
1,314911,Solar,871,2041,118.35854184112488,0.0,38.195900148468,-77.5420580949082,345,500.0,8LADYSMITH,6,0,0.0,0,0,PJM
1,314911,Solar,871,2046,663.9180058588752,0.0,38.195900148468,-77.5420580949082,345,500.0,8LADYSMITH,6,0,0.0,0,0,PJM
1,314912,Solar,872,2041,45.37728171000001,0.0,37.867651029,-79.4204190219999,345,500.0,8LEXNGTN,6,0,0.0,0,0,PJM
1,314912,Wind,1166,2051,1668.0,0.0,37.867651029,-79.4204190219999,345,500.0,8LEXNGTN,6,0,0.0,0,0,PJM
1,314914,Wind,1167,2051,468.0,0.0,37.503080352,-77.7064251049999,345,500.0,8MDLTHAN,6,0,0.0,0,0,PJM
1,314918,Wind,1168,2051,132.0,0.0,38.0604942952749,-77.7894684418748,345,500.0,8NO ANNA,6,0,0.0,0,0,PJM
1,314919,Solar,873,2036,25.73856277,0.0,38.723786053,-77.288516761,345,500.0,8OX,6,0,0.0,0,0,PJM
1,314922,Solar,874,2036,41.33520176,0.0,38.540521884,-77.2794261809999,345,500.0,8POSSUM,6,0,0.0,0,0,PJM
1,314923,Solar,875,2046,1125.584606,0.0,37.01474397,-76.73866348,345,500.0,8SEPTA,6,0,0.0,0,0,PJM
1,314926,Solar,876,2036,530.5308891,0.0,38.314341598,-78.9708106179999,345,500.0,8VALLEY,6,0,0.0,0,0,PJM
1,314926,Wind,1169,2051,1362.0,0.0,38.314341598,-78.9708106179999,345,500.0,8VALLEY,6,0,0.0,0,0,PJM
1,314927,Solar,877,2046,346.5192973,0.0,36.762979041,-76.3547147579999,345,500.0,8YADKIN,6,0,0.0,0,0,PJM
1,314928,Solar,878,2051,399.8246695,0.0,36.7103221,-76.5804688689999,345,500.0,8SUFFOLK,6,0,0.0,0,0,PJM
1,314928,Wind,1171,2046,120.0,0.0,36.7103221,-76.5804688689999,345,500.0,8SUFFOLK,6,0,0.0,0,0,PJM
1,314929,Solar,879,2036,1092.020358,0.0,38.968529352,-78.1774633579999,345,500.0,8FRONT ROYAL,6,0,0.0,0,0,PJM
1,314929,Wind,1172,2051,1026.0,0.0,38.968529352,-78.1774633579999,345,500.0,8FRONT ROYAL,6,0,0.0,0,0,PJM
1,314931,Solar,880,2036,246.848832407,0.0,37.1942098162467,-76.5910308886075,345,500.0,8SKIFF CREEK,6,0,0.0,0,0,PJM
1,314934,Solar,881,2036,1002.7525058420189,0.0,38.25,-77.7828,345,500.0,8SPOTSYL,6,0,0.0,0,0,PJM
1,314934,Solar,881,2046,342.96073815798115,0.0,38.25,-77.7828,345,500.0,8SPOTSYL,6,0,0.0,0,0,PJM
1,314934,Wind,1173,2046,180.0,0.0,38.25,-77.7828,345,500.0,8SPOTSYL,6,0,0.0,0,0,PJM
1,314935,Wind,1174,2046,714.0,0.0,36.7633,-77.7096,345,500.0,8HERITAGE,6,0,0.0,0,0,PJM
1,314936,Solar,882,2041,13.890948791197237,0.0,36.9371,-77.7605,345,500.0,8RAWLINGS,6,0,0.0,0,0,PJM
1,314936,Solar,882,2046,1344.5115782088028,0.0,36.9371,-77.7605,345,500.0,8RAWLINGS,6,0,0.0,0,0,PJM
1,314936,Wind,1175,2046,780.0,0.0,36.9371,-77.7605,345,500.0,8RAWLINGS,6,0,0.0,0,0,PJM
1,314940,Solar,883,2041,705.1714453,0.0,36.8979026870001,-76.897840941,345,500.0,8ROGERS RD,6,0,0.0,0,0,PJM
1,314940,Wind,1176,2051,90.0,0.0,36.8979026870001,-76.897840941,345,500.0,8ROGERS RD,6,0,0.0,0,0,PJM
1,342607,Solar,884,2041,666.1872527,0.0,37.885197018,-84.10532599,320,138.0,4JK SMITH,6,0,0.0,0,0,PJM
1,342715,CC,219,2046,49.159632310337884,0.0,36.9989,-84.5897,320,161.0,5COOPER1,6,0,0.0,0,0,PJM
1,342715,Solar,885,2036,143.77039434359273,0.0,36.9989,-84.5897,320,161.0,5COOPER1,6,0,0.0,0,0,PJM
1,342715,Solar,885,2041,195.26842924447914,0.0,36.9989,-84.5897,320,161.0,5COOPER1,6,0,0.0,0,0,PJM
1,342715,Solar,885,2046,850.3680874119282,0.0,36.9989,-84.5897,320,161.0,5COOPER1,6,0,0.0,0,0,PJM
1,342715,Wind,1178,2051,1992.0,0.0,36.9989,-84.5897,320,161.0,5COOPER1,6,0,0.0,0,0,PJM
1,342832,Solar,886,2041,423.21853106037895,0.0,37.884,-84.1022,320,345.0,7JK SMITH,6,0,0.0,0,0,PJM
1,342832,Solar,886,2051,858.8541834396211,0.0,37.884,-84.1022,320,345.0,7JK SMITH,6,0,0.0,0,0,PJM
1,342832,Wind,1179,2051,1146.0,0.0,37.884,-84.1022,320,345.0,7JK SMITH,6,0,0.0,0,0,PJM
1,342835,Solar,887,2041,883.587776939816,0.0,38.698611,-83.816667,320,345.0,7N CLARK,6,0,0.0,0,0,PJM
1,342835,Solar,887,2046,339.1560604601841,0.0,38.698611,-83.816667,320,345.0,7N CLARK,6,0,0.0,0,0,PJM
1,342835,Wind,1180,2051,306.0,0.0,38.698611,-83.816667,320,345.0,7N CLARK,6,0,0.0,0,0,PJM
1,342838,Solar,888,2046,1281.9664969,0.0,38.7009,-83.8143,320,345.0,7SPURLOCK,6,0,0.0,0,0,PJM
1,342838,Wind,1181,2051,270.0,0.0,38.7009,-83.8143,320,345.0,7SPURLOCK,6,0,0.0,0,0,PJM
1,370101,Solar,889,2051,856.7467137,0.0,33.828611,-80.6225,343,230.0,6WATEREE1!,6,0,0.0,0,0,DUKE
1,370101,Wind,1182,2051,366.0,0.0,33.828611,-80.6225,343,230.0,6WATEREE1!,6,0,0.0,0,0,DUKE
1,370108,Solar,890,2051,1283.664206,0.0,33.8697,-81.0178,343,230.0,6CEC!,6,0,0.0,0,0,DUKE
1,370250,Wind,1183,2051,156.0,0.0,33.4049754078459,-79.3544151750118,343,115.0,3EDENWD1!,6,0,0.0,0,0,DUKE
1,370306,Solar,891,2041,467.682960969,0.0,33.435,-81.9111,343,230.0,6URQ!,6,0,0.0,0,0,DUKE
1,370306,Wind,1184,2051,2064.0,0.0,33.435,-81.9111,343,230.0,6URQ!,6,0,0.0,0,0,DUKE
1,370307,Solar,892,2041,418.08873379,0.0,33.366944,-81.034444,343,230.0,6COPE!,6,0,0.0,0,0,DUKE
1,370307,Wind,1185,2051,942.0,0.0,33.366944,-81.034444,343,230.0,6COPE!,6,0,0.0,0,0,DUKE
1,370501,Solar,893,2041,684.4055766,0.0,33.022778,-79.9275,343,230.0,6WILLIAMS1!,6,0,0.0,0,0,DUKE
1,370501,Wind,1186,2051,252.0,0.0,33.022778,-79.9275,343,230.0,6WILLIAMS1!,6,0,0.0,0,0,DUKE
1,370635,Solar,894,2036,235.44376,0.0,32.7227935943349,-79.967295596215,343,115.0,3JAMES I,6,0,0.0,0,1,DUKE
1,371402,Solar,895,2036,689.6667513829999,0.0,32.3594,-81.1242,343,230.0,6JASPER2!,6,0,0.0,0,0,DUKE
1,371605,Solar,896,2051,374.1756398,0.0,32.8307601232273,-80.0704935034131,343,230.0,6CHURCH2!,6,0,0.0,0,1,DUKE
1,371605,Wind,1188,2051,678.0,0.0,32.8307601232273,-80.0704935034131,343,230.0,6CHURCH2!,6,0,0.0,0,1,DUKE
1,101,WOff,1189,2031,1200.0,1600.3891267161541,43.1710440756705,-68.8559846807244,0,,,3,0,1.0,0,0,OUT
1,101,WOff,1189,2036,1200.0,577.656826716154,43.1710440756705,-68.8559846807244,0,,,3,0,1.0,0,0,OUT
1,101,WOff,1189,2041,1600.0,274.58705932563873,43.1710440756705,-68.8559846807244,0,,,3,0,1.0,0,0,OUT
1,101,WOff,1189,2046,4000.0,101.95451807550484,43.1710440756705,-68.8559846807244,0,,,3,0,1.0,0,0,OUT
1,101,WOff,1189,2051,8000.0,0.0,43.1710440756705,-68.8559846807244,0,,,3,0,1.0,0,0,OUT
1,102,WOff,1190,2031,1200.0,1533.3736836082066,42.8398419884795,-68.8791662230123,0,,,3,0,1.0,0,0,OUT
1,102,WOff,1190,2036,1200.0,510.6413836082065,42.8398419884795,-68.8791662230123,0,,,3,0,1.0,0,0,OUT
1,102,WOff,1190,2041,1600.0,235.04032603793485,42.8398419884795,-68.8791662230123,0,,,3,0,1.0,0,0,OUT
1,102,WOff,1190,2046,4000.0,76.62432477783364,42.8398419884795,-68.8791662230123,0,,,3,0,1.0,0,0,OUT
1,102,WOff,1190,2051,8000.0,0.0,42.8398419884795,-68.8791662230123,0,,,3,0,1.0,0,0,OUT
1,103,WOff,1191,2031,1200.0,1458.8974860125468,42.4110206772873,-69.2692582619802,0,,,3,0,1.0,0,0,OUT
1,103,WOff,1191,2036,1200.0,438.88896480208484,42.4110206772873,-69.2692582619802,0,,,3,0,1.0,0,0,OUT
1,103,WOff,1191,2041,1600.0,196.55098167554252,42.4110206772873,-69.2692582619802,0,,,3,0,1.0,0,0,OUT
1,103,WOff,1191,2046,4000.0,51.07097414452414,42.4110206772873,-69.2692582619802,0,,,3,0,1.0,0,0,OUT
1,103,WOff,1191,2051,8000.0,0.0,42.4110206772873,-69.2692582619802,0,,,3,0,1.0,0,0,OUT
1,104,WOff,1192,2031,1200.0,1406.273425963582,42.1476356886509,-69.2686959028833,0,,,3,0,1.0,0,0,OUT
1,104,WOff,1192,2036,1200.0,403.3695378818817,42.1476356886509,-69.2686959028833,0,,,3,0,1.0,0,0,OUT
1,104,WOff,1192,2041,1600.0,177.92551987500246,42.1476356886509,-69.2686959028833,0,,,3,0,1.0,0,0,OUT
1,104,WOff,1192,2046,4000.0,44.42365371481935,42.1476356886509,-69.2686959028833,0,,,3,0,1.0,0,0,OUT
1,104,WOff,1192,2051,8000.0,0.0,42.1476356886509,-69.2686959028833,0,,,3,0,1.0,0,0,OUT
1,105,WOff,1193,2031,1200.0,1376.5922646777967,41.839412887756,-69.3260927685523,0,,,3,0,1.0,0,0,OUT
1,105,WOff,1193,2036,1200.0,353.8599646777966,41.839412887756,-69.3260927685523,0,,,3,0,1.0,0,0,OUT
1,105,WOff,1193,2041,1600.0,147.2947190401851,41.839412887756,-69.3260927685523,0,,,3,0,1.0,0,0,OUT
1,105,WOff,1193,2046,4000.0,24.984014318726054,41.839412887756,-69.3260927685523,0,,,3,0,1.0,0,0,OUT
1,105,WOff,1193,2051,8000.0,0.0,41.839412887756,-69.3260927685523,0,,,3,0,1.0,0,0,OUT
1,106,WOff,1194,2031,1200.0,1675.1886598835717,40.7905676918328,-70.0275234628027,0,,,3,0,1.0,0,0,OUT
1,106,WOff,1194,2036,1200.0,652.4563598835717,40.7905676918328,-70.0275234628027,0,,,3,0,1.0,0,0,OUT
1,106,WOff,1194,2041,1600.0,302.3861198758609,40.7905676918328,-70.0275234628027,0,,,3,0,1.0,0,0,OUT
1,106,WOff,1194,2046,4000.0,98.87995550059202,40.7905676918328,-70.0275234628027,0,,,3,0,1.0,0,0,OUT
1,106,WOff,1194,2051,8000.0,0.0,40.7905676918328,-70.0275234628027,0,,,3,0,1.0,0,0,OUT
1,107,WOff,1195,2031,1200.0,1758.3442930273868,41.0974138423215,-70.5117215725893,0,,,3,0,1.0,0,0,OUT
1,107,WOff,1195,2036,1200.0,735.6119930273867,41.0974138423215,-70.5117215725893,0,,,3,0,1.0,0,0,OUT
1,107,WOff,1195,2041,1600.0,345.3972605080688,41.0974138423215,-70.5117215725893,0,,,3,0,1.0,0,0,OUT
1,107,WOff,1195,2046,4000.0,117.72024786029203,41.0974138423215,-70.5117215725893,0,,,3,0,1.0,0,0,OUT
1,107,WOff,1195,2051,8000.0,0.0,41.0974138423215,-70.5117215725893,0,,,3,0,1.0,0,0,OUT
1,108,WOff,1196,2031,1200.0,1631.6901509680774,40.9366116474799,-71.0500484333377,0,,,3,0,1.0,0,0,OUT
1,108,WOff,1196,2036,1200.0,608.9578509680772,40.9366116474799,-71.0500484333377,0,,,3,0,1.0,0,0,OUT
1,108,WOff,1196,2041,1600.0,266.91980684134285,40.9366116474799,-71.0500484333377,0,,,3,0,1.0,0,0,OUT
1,108,WOff,1196,2046,4000.0,79.92089461456544,40.9366116474799,-71.0500484333377,0,,,3,0,1.0,0,0,OUT
1,108,WOff,1196,2051,8000.0,0.0,40.9366116474799,-71.0500484333377,0,,,3,0,1.0,0,0,OUT
1,109,WOff,1197,2031,1200.0,1743.6764233287317,40.5908445785431,-70.5585554899038,0,,,3,0,1.0,0,0,OUT
1,109,WOff,1197,2036,1200.0,720.9441233287316,40.5908445785431,-70.5585554899038,0,,,3,0,1.0,0,0,OUT
1,109,WOff,1197,2041,1600.0,333.27799965322185,40.5908445785431,-70.5585554899038,0,,,3,0,1.0,0,0,OUT
1,109,WOff,1197,2046,4000.0,113.04101797191538,40.5908445785431,-70.5585554899038,0,,,3,0,1.0,0,0,OUT
1,109,WOff,1197,2051,8000.0,0.0,40.5908445785431,-70.5585554899038,0,,,3,0,1.0,0,0,OUT
1,110,WOff,1198,2031,1200.0,1306.0567504325659,39.8853251947672,-73.3140130629404,0,,,3,0,1.0,0,0,OUT
1,110,WOff,1198,2036,1200.0,290.200317093702,39.8853251947672,-73.3140130629404,0,,,3,0,1.0,0,0,OUT
1,110,WOff,1198,2041,1600.0,71.48983248782679,39.8853251947672,-73.3140130629404,0,,,3,0,1.0,0,0,OUT
1,110,WOff,1198,2046,8000.0,0.0,39.8853251947672,-73.3140130629404,0,,,3,0,1.0,0,0,OUT
1,110,WOff,1198,2051,4000.0,27.267069281827958,39.8853251947672,-73.3140130629404,0,,,3,0,1.0,0,0,OUT
1,111,WOff,1199,2031,1200.0,1604.7091407114472,39.582537719867,-72.9248127793998,0,,,3,0,1.0,0,0,OUT
1,111,WOff,1199,2036,1200.0,581.9768407114472,39.582537719867,-72.9248127793998,0,,,3,0,1.0,0,0,OUT
1,111,WOff,1199,2041,1600.0,239.82832602102008,39.582537719867,-72.9248127793998,0,,,3,0,1.0,0,0,OUT
1,111,WOff,1199,2046,4000.0,69.07232661530918,39.582537719867,-72.9248127793998,0,,,3,0,1.0,0,0,OUT
1,111,WOff,1199,2051,8000.0,0.0,39.582537719867,-72.9248127793998,0,,,3,0,1.0,0,0,OUT
1,112,WOff,1200,2031,1200.0,1793.2503425809705,39.4118293966286,-73.8560888698002,0,,,3,0,1.0,0,0,OUT
1,112,WOff,1200,2036,1200.0,780.1207084541547,39.4118293966286,-73.8560888698002,0,,,3,0,1.0,0,0,OUT
1,112,WOff,1200,2041,1600.0,365.1438897571554,39.4118293966286,-73.8560888698002,0,,,3,0,1.0,0,0,OUT
1,112,WOff,1200,2046,4000.0,132.01445187142963,39.4118293966286,-73.8560888698002,0,,,3,0,1.0,0,0,OUT
1,112,WOff,1200,2051,8000.0,0.0,39.4118293966286,-73.8560888698002,0,,,3,0,1.0,0,0,OUT
1,113,WOff,1201,2031,1200.0,1502.7306988107102,38.7508252088469,-74.5401205109267,0,,,3,0,1.0,0,0,OUT
1,113,WOff,1201,2036,1200.0,480.01256221071014,38.7508252088469,-74.5401205109267,0,,,3,0,1.0,0,0,OUT
1,113,WOff,1201,2041,1600.0,173.8385364336982,38.7508252088469,-74.5401205109267,0,,,3,0,1.0,0,0,OUT
1,113,WOff,1201,2046,4000.0,35.159249440872486,38.7508252088469,-74.5401205109267,0,,,3,0,1.0,0,0,OUT
1,113,WOff,1201,2051,8000.0,0.0,38.7508252088469,-74.5401205109267,0,,,3,0,1.0,0,0,OUT
1,114,WOff,1202,2031,1200.0,1634.3831461759537,38.1724673534806,-73.4478488906151,0,,,3,0,1.0,0,0,OUT
1,114,WOff,1202,2036,1200.0,611.6508461759536,38.1724673534806,-73.4478488906151,0,,,3,0,1.0,0,0,OUT
1,114,WOff,1202,2041,1600.0,252.00077114140254,38.1724673534806,-73.4478488906151,0,,,3,0,1.0,0,0,OUT
1,114,WOff,1202,2046,4000.0,77.81098778302828,38.1724673534806,-73.4478488906151,0,,,3,0,1.0,0,0,OUT
1,114,WOff,1202,2051,8000.0,0.0,38.1724673534806,-73.4478488906151,0,,,3,0,1.0,0,0,OUT
1,115,WOff,1203,2031,1200.0,1548.7718611465737,38.2001312094649,-74.5610930191436,0,,,3,0,1.0,0,0,OUT
1,115,WOff,1203,2036,1200.0,533.0323091285571,38.2001312094649,-74.5610930191436,0,,,3,0,1.0,0,0,OUT
1,115,WOff,1203,2041,1600.0,231.20107229917073,38.2001312094649,-74.5610930191436,0,,,3,0,1.0,0,0,OUT
1,115,WOff,1203,2046,4000.0,63.89762890099047,38.2001312094649,-74.5610930191436,0,,,3,0,1.0,0,0,OUT
1,115,WOff,1203,2051,8000.0,0.0,38.2001312094649,-74.5610930191436,0,,,3,0,1.0,0,0,OUT
1,116,WOff,1204,2031,1200.0,1763.1419725248604,37.4871806471642,-74.1446084820331,0,,,3,0,1.0,0,0,OUT
1,116,WOff,1204,2036,1200.0,740.4096725248604,37.4871806471642,-74.1446084820331,0,,,3,0,1.0,0,0,OUT
1,116,WOff,1204,2041,1600.0,333.8795672878348,37.4871806471642,-74.1446084820331,0,,,3,0,1.0,0,0,OUT
1,116,WOff,1204,2046,4000.0,109.99259587740721,37.4871806471642,-74.1446084820331,0,,,3,0,1.0,0,0,OUT
1,116,WOff,1204,2051,8000.0,0.0,37.4871806471642,-74.1446084820331,0,,,3,0,1.0,0,0,OUT
1,117,WOff,1205,2031,1200.0,1433.648630233453,36.8282939459915,-75.5494365373999,0,,,3,0,1.0,0,0,OUT
1,117,WOff,1205,2036,1200.0,427.51516208336136,36.8282939459915,-75.5494365373999,0,,,3,0,1.0,0,0,OUT
1,117,WOff,1205,2041,1600.0,157.85738828875515,36.8282939459915,-75.5494365373999,0,,,3,0,1.0,0,0,OUT
1,117,WOff,1205,2046,4000.0,14.915114022874604,36.8282939459915,-75.5494365373999,0,,,3,0,1.0,0,0,OUT
1,117,WOff,1205,2051,8000.0,0.0,36.8282939459915,-75.5494365373999,0,,,3,0,1.0,0,0,OUT
1,118,WOff,1206,2031,1200.0,1371.8860005305535,36.6517123151806,-74.3684229012616,0,,,3,0,1.0,0,0,OUT
1,118,WOff,1206,2036,1200.0,349.15370053055346,36.6517123151806,-74.3684229012616,0,,,3,0,1.0,0,0,OUT
1,118,WOff,1206,2041,1600.0,109.40501723567877,36.6517123151806,-74.3684229012616,0,,,3,0,1.0,0,0,OUT
1,118,WOff,1206,2046,8000.0,0.0,36.6517123151806,-74.3684229012616,0,,,3,0,1.0,0,0,OUT
1,118,WOff,1206,2051,4000.0,20.503328338514848,36.6517123151806,-74.3684229012616,0,,,3,0,1.0,0,0,OUT
1,119,WOff,1207,2031,1200.0,1729.718665753406,35.9862891684422,-74.4377383878155,0,,,3,0,1.0,0,0,OUT
1,119,WOff,1207,2036,1200.0,706.9863657534058,35.9862891684422,-74.4377383878155,0,,,3,0,1.0,0,0,OUT
1,119,WOff,1207,2041,1600.0,310.86633414906925,35.9862891684422,-74.4377383878155,0,,,3,0,1.0,0,0,OUT
1,119,WOff,1207,2046,4000.0,94.68515610156521,35.9862891684422,-74.4377383878155,0,,,3,0,1.0,0,0,OUT
1,119,WOff,1207,2051,8000.0,0.0,35.9862891684422,-74.4377383878155,0,,,3,0,1.0,0,0,OUT
1,120,WOff,1208,2031,1200.0,1528.0092815573748,36.3567224871587,-75.3493910689382,0,,,3,0,1.0,0,0,OUT
1,120,WOff,1208,2036,1200.0,505.2769815573747,36.3567224871587,-75.3493910689382,0,,,3,0,1.0,0,0,OUT
1,120,WOff,1208,2041,1600.0,191.8337138448187,36.3567224871587,-75.3493910689382,0,,,3,0,1.0,0,0,OUT
1,120,WOff,1208,2046,4000.0,37.890104091949866,36.3567224871587,-75.3493910689382,0,,,3,0,1.0,0,0,OUT
1,120,WOff,1208,2051,8000.0,0.0,36.3567224871587,-75.3493910689382,0,,,3,0,1.0,0,0,OUT
1,121,WOff,1209,2031,1200.0,1628.3769808062543,40.5378047558547,-71.9359223364255,0,,,3,0,1.0,0,0,OUT
1,121,WOff,1209,2036,1200.0,605.6446808062542,40.5378047558547,-71.9359223364255,0,,,3,0,1.0,0,0,OUT
1,121,WOff,1209,2041,1600.0,247.22930652951163,40.5378047558547,-71.9359223364255,0,,,3,0,1.0,0,0,OUT
1,121,WOff,1209,2046,4000.0,65.94020960094792,40.5378047558547,-71.9359223364255,0,,,3,0,1.0,0,0,OUT
1,121,WOff,1209,2051,8000.0,0.0,40.5378047558547,-71.9359223364255,0,,,3,0,1.0,0,0,OUT
1,122,WOff,1210,2031,1200.0,1493.3438155059362,33.503336416697,-78.26666748113,0,,,3,0,1.0,0,0,OUT
1,122,WOff,1210,2036,1200.0,470.61213130593615,33.503336416697,-78.26666748113,0,,,3,0,1.0,0,0,OUT
1,122,WOff,1210,2041,1600.0,157.28638398590363,33.503336416697,-78.26666748113,0,,,3,0,1.0,0,0,OUT
1,122,WOff,1210,2046,4000.0,23.725480225169008,33.503336416697,-78.26666748113,0,,,3,0,1.0,0,0,OUT
1,122,WOff,1210,2051,8000.0,0.0,33.503336416697,-78.26666748113,0,,,3,0,1.0,0,0,OUT
1,123,WOff,1211,2031,1200.0,1611.1126582797767,32.9843259983558,-78.9664537030963,0,,,3,0,1.0,0,0,OUT
1,123,WOff,1211,2036,1200.0,595.1015671398609,32.9843259983558,-78.9664537030963,0,,,3,0,1.0,0,0,OUT
1,123,WOff,1211,2041,1600.0,244.2170498269977,32.9843259983558,-78.9664537030963,0,,,3,0,1.0,0,0,OUT
1,123,WOff,1211,2046,4000.0,72.28544280351565,32.9843259983558,-78.9664537030963,0,,,3,0,1.0,0,0,OUT
1,123,WOff,1211,2051,8000.0,0.0,32.9843259983558,-78.9664537030963,0,,,3,0,1.0,0,0,OUT
1,124,WOff,1212,2031,1200.0,1605.2244387146168,34.0643667754817,-77.0133078765409,0,,,3,0,1.0,0,0,OUT
1,124,WOff,1212,2036,1200.0,582.4921387146167,34.0643667754817,-77.0133078765409,0,,,3,0,1.0,0,0,OUT
1,124,WOff,1212,2041,1600.0,219.84283181814249,34.0643667754817,-77.0133078765409,0,,,3,0,1.0,0,0,OUT
1,124,WOff,1212,2046,4000.0,46.5832835056741,34.0643667754817,-77.0133078765409,0,,,3,0,1.0,0,0,OUT
1,124,WOff,1212,2051,8000.0,0.0,34.0643667754817,-77.0133078765409,0,,,3,0,1.0,0,0,OUT
1,125,WOff,1213,2031,1200.0,1621.7909952935915,40.1458719336099,-72.5108974859011,0,,,3,0,1.0,0,0,OUT
1,125,WOff,1213,2036,1200.0,599.0586952935914,40.1458719336099,-72.5108974859011,0,,,3,0,1.0,0,0,OUT
1,125,WOff,1213,2041,1600.0,245.9706211078618,40.1458719336099,-72.5108974859011,0,,,3,0,1.0,0,0,OUT
1,125,WOff,1213,2046,4000.0,68.0870736579576,40.1458719336099,-72.5108974859011,0,,,3,0,1.0,0,0,OUT
1,125,WOff,1213,2051,8000.0,0.0,40.1458719336099,-72.5108974859011,0,,,3,0,1.0,0,0,OUT
